rank,playerId,name,team,opponent,isHome,battingOrder,position,bats,lineupSource,gameStatus,pitcher,pitcherThrows,pitcherHr9,pitcherMixLabel,pHr,pHrRaw,xHr,expectedPa,confidence,confidenceBand,confidenceNotes,reasons,factor_batter,factor_pitcher,factor_park,factor_platoon,factor_weather,factor_form,parkHrFactor,parkAirLabel,season_hr,season_pa,season_slg,recent_hr,recent_pa,recent_games,barrelPct,evAvg,hardHitPct,xIso,pullPct
1,624413,Pete Alonso,BAL,COL,False,2,DH,R,projected,preview,Tanner Gordon,R,1.83,46% hard · 31% break,0.168402545880026,0.1837639664870544,0.1788535058810028,3,0.6983999999999999,fair,Projected order,15.4% vs RHP last 10; 4S-FB 43%; 100.7 last game; heart vs in-zone,1.5590642929373124,1.2783564885961072,1.14,1.42,1,1.0775163453237413,114,114 air · 74°F · 2 mph · 54° dew · RHB,32,594,.503,3,43,10,13.9,94.2,57.1,0.261,34.7
2,681715,Heriberto Hernández,MIA,WSH,False,1,LF,R,official,preview,Will Dion,L,1.57,55% hard · 20% break,0.16724527625464172,0.17760672559874058,0.1775454556013134,3,0.8832238,stable,,21.4% vs LHP last 10; 4S-FB 42%; trending +9.5 brl; 20–30° last 5,1.5085517318291322,1.1299315609997218,1.11,1.42,1,1.22,111,111 air · 86°F · cross LF 5 · 70° dew · RHB,22,391,.467,4,44,10,13.6,91.3,47.7,0.237,46.9
3,701398,Sal Stewart,CIN,SD,True,3,1B,R,official,preview,Michael King,R,1.04,48% hard · 27% off,0.16628941819277313,0.17409129868097895,0.17646597233776062,3,0.97,stable,,20% vs RHP last 10; Sweeper 20%; 101.7 last game; 80.6% ideal AA,1.4289970884482983,1.0385532126104868,1.24,1.42,1,1.211871041975309,124,124 air · 92°F · cross LF 7 · 71° dew · RHB,31,595,.489,4,47,10,13.5,90.1,38.9,0.225,32.7
4,656941,Kyle Schwarber,PHI,AZ,False,1,DH,L,projected,preview,Brandon Pfaadt,R,1.03,54% hard · 29% break,0.16535940401432625,0.1778399148300457,0.1754164671004106,3,0.69588576,fair,Weather not posted; Projected order,27.8% vs RHP last 10; 4S-FB 26%; 103.3 last game; 78.6% ideal AA,1.7942493685866607,1.0486909878258681,1.06,1.42,1,1.1599556358381506,106,106 air · 68° dew · LHB,40,588,.527,3,47,10,17.3,92.5,50.3,0.258,53.6
5,646240,Rafael Devers,SF,ATL,False,2,DH,L,official,preview,Bryce Elder,R,1.38,65% hard · 23% break,0.16474385293745064,0.1712079427954455,0.1747222568451623,3,0.97,stable,,25% vs RHP last 10; 3 tanks last 10; trending +5.6 brl; 5× 100+ last 3,1.3944024292105994,1.0615265558134894,1.2,1.42,1,1.22,120,120 air · 91°F · out RF 5 · 67° dew · LHB,29,582,.485,4,44,10,11.1,92.8,50.5,0.218,33.1
6,663886,Tyler Stephenson,CIN,SD,True,5,C,R,official,preview,Michael King,R,1.04,48% hard · 27% off,0.16380394183052627,0.16945447543928194,0.1736628954011561,3,0.97,stable,,21.4% vs RHP last 10; 4S-FB 19%; tank last game; 4× 100+ last 3,1.2901073959527118,1.0908589670646078,1.24,1.42,1,1.22,124,124 air · 92°F · cross LF 7 · 71° dew · RHB,14,390,.427,2,43,10,12.7,91.1,45.5,0.209,36
7,691718,Pete Crow-Armstrong,CHC,MIL,True,1,CF,L,projected,preview,Kyle Harrison,L,1.22,60% hard · 31% break,0.16322467726781595,0.17364506827899084,0.1730104092578889,3,0.69588576,fair,Weather not posted; Projected order,20% vs LHP last 10; 4S-FB 58%; 5 tanks last 10; trending +7.4 brl,1.5825676907096498,1.095237323610927,1.05,1.42,1,1.22,105,105 air · 71° dew · LHB,38,613,.577,7,47,10,13.2,90.2,49.1,0.239,50.4
8,682829,Elly De La Cruz,CIN,SD,True,2,DH,S,official,preview,Michael King,R,1.04,48% hard · 27% off,0.1619541031058937,0.166003476941749,0.1715802828494042,3,0.97,stable,,16.7% vs RHP last 10; Sinker 28%; 114.7 last game; 62.1% ideal AA,1.3517126216649664,1.1074275641197908,1.23,1.3633956753535343,1,1.16250877440163,123,123 air · 92°F · cross LF 7 · 71° dew · switch,21,529,.479,1,47,10,13.7,93.8,50.8,0.197,33.9
9,696100,Hunter Goodman,COL,BAL,True,3,DH,R,projected,preview,Cade Povich,L,1.59,54% hard · 35% break,0.15870975813197422,0.16732241998391795,0.16793507551974518,3,0.62185536,fair,Projected order,14.3% vs LHP last 10; 4S-FB 45%; 83.3% ideal AA; 17.2% blast,1.7358246812896678,1.2118102895567717,1.14,1.3528245688922838,1,0.9118726600609758,114,114 air · 74°F · 2 mph · 54° dew · RHB,36,484,.542,3,39,10,16.4,90.3,45.6,0.24,48.1
10,668709,JJ Bleday,CIN,SD,True,4,LF,L,official,preview,Michael King,R,1.04,48% hard · 27% off,0.15330635736841933,0.15548987405895687,0.16188479092332309,3,0.97,stable,,12.5% vs RHP last 10; Sinker 28%; 25.9% pull air; 70.4% ideal AA,1.2787998187402372,1.0428174870286069,1.2,1.3484953427408128,1,1.2090365320593417,120,120 air · 92°F · cross LF 7 · 71° dew · LHB,21,455,.429,1,45,10,9.7,88.6,39.8,0.188,45.2
11,701538,Jackson Merrill,SD,CIN,False,5,CF,L,official,preview,Brady Singer,R,1.7,59% hard · 41% break,0.1528831577231556,0.15505564499548086,0.16141201492626978,3,0.97,stable,,101.1 last game; 25.9% pull air; 63.0% ideal AA; 38.1% sweet,1.2554282470638634,1.160754674598541,1.2,1.263919994098441,1,1.1748255365853661,120,120 air · 92°F · cross LF 7 · 71° dew · LHB,22,563,.418,3,44,10,11.2,90.7,46.4,0.21,37.8
12,547180,Bryce Harper,PHI,AZ,False,3,RF,L,projected,preview,Brandon Pfaadt,R,1.03,54% hard · 29% break,0.15197137087382107,0.1586312482070007,0.16039395026651748,3,0.69588576,fair,Weather not posted; Projected order,25% vs RHP last 10; 4S-FB 26%; trending +5.5 brl; 25% pull air,1.3268398954080476,1.1080420806371964,1.06,1.42,1,1.22,106,106 air · 68° dew · LHB,27,586,.503,2,44,10,11.2,90.4,44.8,0.227,38
13,621566,Matt Olson,ATL,SF,True,3,1B,L,official,preview,Anthony Molina,R,0.96,44% hard · 29% break,0.14901553932630202,0.1567770216972465,0.15709859604696186,3,0.61692,fair,No established starter,14.3% vs RHP last 10; 4S-FB 44%; 104.2 last game; 4× 100+ last 3,1.6906768172196536,1,1.2,1.42,1,0.9184768070953439,120,120 air · 91°F · out RF 5 · 67° dew · LHB,37,596,.527,1,43,10,15.4,92.7,50.5,0.271,39.3
14,670541,Yordan Alvarez,HOU,CWS,True,2,LF,L,projected,preview,Anthony Kay,L,1.23,57% hard · 29% break,0.1476859170056945,0.1539996241481878,0.15561873424691197,3,0.69588576,fair,Weather not posted; Projected order,12.5% vs LHP last 10; 4S-FB 23%; 4× 100+ last 3; 58.3% ideal AA,1.8290502705575142,1.0908908891323073,1.06,1.3231333404476695,1,0.9171120000000001,106,106 air · 74° dew · LHB,37,593,.607,1,42,10,16.8,94.5,53.6,0.337,41.2
15,665953,Andrés Chaparro,WSH,MIA,True,3,DH,R,official,preview,Ryan Gusto,R,1.14,54% hard · 32% break,0.14740081768894242,0.14943042435705156,0.15530162080656518,3,0.97,stable,,12.5% vs RHP last 10; 4S-FB 28%; 100.9 last game; heart vs in-zone,1.4365426591751993,1.1341779817971531,1.11,1.3720476292109565,1,0.9825109411764706,111,111 air · 86°F · cross LF 5 · 70° dew · RHB,9,167,.514,2,36,10,14,89.6,46.7,0.233,52.3
16,665487,Fernando Tatis Jr.,SD,CIN,False,1,RF,R,official,preview,Brady Singer,R,1.7,59% hard · 41% break,0.14703979118417715,0.14905998878885407,0.15490015565219573,3,0.97,stable,,13.6% vs RHP last 10; Slider 26%; 105.2 last game; 21.9% pull air,1.205476572934214,1.221852264947015,1.24,1.1184608472761965,1,1.1884275694939417,124,124 air · 92°F · cross LF 7 · 71° dew · RHB,17,595,.439,2,44,10,12.2,92.8,53.6,0.187,34.6
17,665019,Kody Clemens,MIN,DET,True,3,2B,L,official,preview,Jackson Jobe,R,0.98,54% hard · 35% break,0.14477851199205832,0.15253099078762022,0.15238816347972495,3,0.5922432000000001,fair,Starter sample thin; Starter outing length thin,20% vs RHP last 10; 4S-FB 36%; 5× 100+ last 3; 29.2% pull air,1.3691002186891643,1.0875844215367627,0.98,1.42,1,1.2184955431402036,98,98 air · 86°F · out RF 6 · 60° dew · LHB,22,484,.459,1,39,10,11.9,92.4,46.7,0.207,46.7
18,663457,Lars Nootbaar,AZ,PHI,True,1,DH,L,projected,preview,Aaron Nola,R,2.01,50% hard · 34% break,0.14328025174580528,0.14923807826747115,0.15072622575383632,3,0.69588576,fair,Weather not posted; Projected order,19.0% vs RHP last 10; 4S-FB 24%; tank last game; trending +8.4 brl,1.113165262966492,1.2247801946533194,1.06,1.3797254563431816,1,1.22,106,106 air · 68° dew · LHB,6,254,.379,,,,10.6,91.8,49.4,0.201,40.6
19,699302,Héctor Rodríguez,CIN,SD,True,1,RF,L,official,preview,Michael King,R,1.04,48% hard · 27% off,0.14307958576762408,0.15005908660740708,0.15050378518862662,3,0.6296400000000001,fair,Short season sample,21.4% vs RHP last 10; trending +8.1 brl; 19.0% barrels last 10; 120 air,1.170105219571703,1.0094437844964084,1.2,1.42,1,1.22,120,120 air · 92°F · cross LF 7 · 71° dew · LHB,4,68,.459,4,41,10,10.9,87.8,32.6,0.173,41.3
20,682998,Corbin Carroll,AZ,PHI,True,2,RF,L,projected,preview,Aaron Nola,R,2.01,50% hard · 34% break,0.1399668402869713,0.14565701621389904,0.14705770929343176,3,0.69588576,fair,Weather not posted; Projected order,Sinker 19%; 21.4% pull air; 82.1% ideal AA; 14.3% barrels last 10,1.2063894855882182,1.23119051479327,1.06,1.2151737401802372,1,1.22,106,106 air · 68° dew · LHB,19,581,.479,1,43,10,12.1,91.7,48.3,0.194,44
21,669065,Kyle Stowers,MIA,WSH,False,5,1B,L,official,preview,Will Dion,L,1.57,55% hard · 20% break,0.1373116998519998,0.14088083639575166,0.14387375666063243,2.8000000000000007,0.8332299999999999,stable,,33.3% vs LHP last 10; Changeup 25%; trending +25.3 brl; 103.6 last game,1.3174312491016107,1.0926018208039108,1.08,1.296,1,1.22,108,108 air · 86°F · cross LF 5 · 70° dew · LHB,16,420,.457,0,38,10,12.2,92.3,55.7,0.203,47.3
22,669394,Jake Burger,TEX,ATH,True,5,1B,R,official,preview,Gage Jump,L,0.92,52% hard · 39% break,0.13724149230428126,0.13900632689690262,0.14363860088750205,2.686956521739127,0.97,stable,,30% vs LHP last 10; 4S-FB 46%; trending +14.6 brl; 26.3% barrels last 10,1.3174942908799452,1.0398896868925704,1.08,1.42,1,1.22,108,108 air · 72°F · roof closed · RHB,23,517,.425,2,37,10,11.7,90.2,46.9,0.184,44.8
23,808959,Munetaka Murakami,CWS,HOU,False,2,1B,L,projected,preview,Peter Lambert,R,0.91,51% hard · 25% break,0.13518617891015444,0.1404901827975864,0.14178126266875546,3,0.69588576,fair,Weather not posted; Projected order,4S-FB 32%; 33.3% pull air; 23.2% blast; 19.6% barrels,1.8003923740978025,1.0785592739848702,1.07,1.2718484913160633,1,0.8306688,107,107 air · 74° dew · pull × porch · LHB,29,442,.497,0,44,10,19.6,93.9,57,0.272,43.5
24,805811,Bryce Eldridge,SF,ATL,False,3,1B,L,official,preview,Bryce Elder,R,1.38,65% hard · 23% break,0.13506167178736267,0.1367696959540352,0.1416441034691428,3,0.97,stable,,104.5 last game; 4× 100+ last 3; 26.3% pull air; 63.2% ideal AA,1.3074898515356377,1.0663696882415623,1.2,1.1145348404531408,1,1.124765499208556,120,120 air · 91°F · out RF 5 · 67° dew · LHB,15,374,.451,2,43,10,11.9,92.5,52.4,0.214,38.8
25,668901,Mark Vientos,NYM,TB,False,4,DH,R,official,preview,Ian Seymour,L,1.6,43% hard · 30% off,0.1309026669829514,0.13250229927394974,0.13707001529683382,3,0.97,stable,,Air starter; Platoon,1.215252624919107,1.162033784842274,1.02,1.38,1,1,102,102 air · 72°F · roof closed · RHB,11,254,.388,,,,10.1,89.5,43.8,0.214,37.1
26,596019,Francisco Lindor,NYM,TB,False,1,SS,S,official,preview,Ian Seymour,L,1.6,43% hard · 30% off,0.1304033097460437,0.13198992780164553,0.13652180240467993,3,0.97,stable,,12.5% vs LHP last 10; tank last game; 20–30° last 5; 72.4% ideal AA,1.1887030758742307,1.1200548552289833,1.02,1.243370829818418,1,1.1695091505507957,102,102 air · 72°F · roof closed · switch,14,347,.425,2,42,10,9.5,91.1,47.5,0.204,45.9
27,660670,Ronald Acuña Jr.,ATL,SF,True,2,RF,R,official,preview,Anthony Molina,R,0.96,44% hard · 29% break,0.12950084569315398,0.13535691535663297,0.13553157604234956,3,0.61692,fair,No established starter,4S-FB 44%; 14.3% barrels last 10; 16.8% blast; 76 bat,1.2713691170371462,1,1.15,1.177293993498306,1,1.1972528372093023,115,115 air · 91°F · out RF 5 · 67° dew · RHB,13,370,.411,0,45,10,12.9,90.2,45.3,0.218,36.6
28,687551,Drew Gilbert,SF,ATL,False,1,LF,L,official,preview,Bryce Elder,R,1.38,65% hard · 23% break,0.12912105560972265,0.13067425559117862,0.13511505695983772,3,0.97,stable,,20% vs RHP last 10; 4S-FB 22%; 4 tanks last 10; trending +13.5 brl,0.870186134226578,1.073286428675717,1.2,1.42,1,1.22,120,120 air · 91°F · out RF 5 · 67° dew · LHB,8,339,.386,,,,5.5,86.8,35.7,0.136,44.1
29,545361,Mike Trout,LAA,NYY,True,2,DH,R,projected,preview,Elmer Rodríguez,R,0.78,65% hard · 27% break,0.12805327374005215,0.13602190291287208,0.1339446597682168,3,0.44536688639999994,thin,Starter sample thin; Weather not posted; Projected order,21.4% vs RHP last 10; Sinker 45%; trending +4 brl; 105.1 last game,1.4150913514328685,1.0312744508500924,0.84,1.42,1,1.19377,84,84 air · 61° dew · RHB,20,527,.429,0,45,10,16,89.8,45.4,0.24,35.9
30,686948,Drake Baldwin,ATL,SF,True,1,DH,L,official,preview,Anthony Molina,R,0.96,44% hard · 29% break,0.1270501702108578,0.13266695616875457,0.1328460267214222,3,0.61692,fair,No established starter,105.2 last game; 20.8% pull air; 19.1% blast; 75.3 bat,1.354253280894946,1,1.2,1.3112934069346083,1,0.9347520000000001,120,120 air · 91°F · out RF 5 · 67° dew · LHB,22,505,.453,1,43,10,12.9,91.8,51.8,0.22,31.3
31,671277,Luis García Jr.,NYY,LAA,False,4,DH,L,projected,preview,Walbert Ureña,R,0.54,52% hard · 15% break,0.1268023079695437,0.1314290799250707,0.13257468926471572,3,0.69588576,fair,Weather not posted; Projected order,13.3% vs RHP last 10; Sinker 31%; trending +3.6 brl; 110 last game,1.4655260768460292,0.9359621409416491,0.84,1.3947530969595106,1,1.22,84,84 air · 61° dew · LHB,28,467,.554,4,38,10,12.4,91.8,46.6,0.219,43.3
32,695734,Daylen Lile,WSH,MIA,True,4,LF,L,official,preview,Ryan Gusto,R,1.14,54% hard · 32% break,0.12647981214749202,0.12796417611012934,0.13215814393543296,2.936842105263157,0.97,stable,,4S-FB 28%; 3 tanks last 10; 106.7 last game; heart vs in-zone,1.0903406425799824,1.0941039331566258,1.08,1.2377090514883822,1,1.2152701039089562,108,108 air · 86°F · cross LF 5 · 70° dew · LHB,18,569,.428,3,44,10,8.6,88.6,37.7,0.175,41.7
33,663728,Cal Raleigh,SEA,BOS,False,4,C,S,official,preview,Payton Tolle,L,1.01,87% hard · 9% break,0.12646804337836215,0.1279521006236427,0.13220884753133866,3,0.97,stable,,14.3% vs LHP last 10; 4S-FB 45%; trending +27.4 brl; 106.1 last game,1.368621169695418,1.0631324185954836,0.87,1.2270022681986075,1,1.206336,87,87 air · 75°F · cross LF 8 · 59° dew · spray vs wall · switch,19,427,.353,6,36,10,14.7,89.8,38.1,0.21,55
34,641343,Jake Bauers,MIL,CHC,False,3,1B,L,projected,preview,Clay Holmes,R,0.48,61% hard · 25% break,0.12596598445377272,0.13052519990773914,0.13165953567184863,3,0.69588576,fair,Weather not posted; Projected order,Sinker 51%; 110.1 last game; 33.3% pull air; 58.3% ideal AA,1.4574209820838504,1.0016594301595745,1.05,1.349766648548039,1,0.9366252753623191,105,105 air · 71° dew · LHB,23,490,.498,2,42,10,13.8,92.4,53.3,0.218,43.2
35,664034,Ty France,SD,CIN,False,4,1B,R,official,preview,Brady Singer,R,1.7,59% hard · 41% break,0.12473375850504972,0.126172616862805,0.13031222583542834,3,0.97,stable,,103.8 last game; 20–30° last 5; Air starter; 18.3% K,1.2359487214206109,1.085672070802781,1.24,1.1134672128370868,1,0.9877192170352171,124,124 air · 92°F · cross LF 7 · 71° dew · RHB,19,405,.507,2,44,10,9.9,91.9,48,0.179,37
36,813841,Jonah Cox,SF,ATL,False,4,CF,R,official,preview,Bryce Elder,R,1.38,65% hard · 23% break,0.1243565352128964,0.12955943811611093,0.1299000245564439,3,0.6296400000000001,fair,Short season sample,Sinker 28%; trending +7.1 brl; 20–30° last 3; 70% ideal AA,1.3046579562669258,1.1616326794808465,1.15,0.9,1,1.22,115,115 air · 91°F · out RF 5 · 67° dew · RHB,3,64,.517,,,,12.9,92,45.2,0.189,12.9
37,681508,Mickey Gasper,BOS,SEA,True,2,1B,S,official,preview,George Kirby,R,1.04,53% hard · 39% break,0.12409940341542378,0.1255217292272356,0.12961911808784354,3,0.97,stable,,21.4% vs RHP last 10; 4S-FB 29%; trending +9.9 brl; 102.5 last game,1.0741340621034572,1.095326285154413,0.89,1.42,1,1.22,89,89 air · 75°F · cross LF 8 · 59° dew · switch,5,156,.466,,,,8.8,88.9,38.1,0.182,43.4
38,691723,Coby Mayo,BAL,COL,False,4,1B,R,projected,preview,Tanner Gordon,R,1.83,46% hard · 31% break,0.12194132541975661,0.12614774165066334,0.12726366612017048,3,0.6983999999999999,fair,Projected order,4S-FB 43%; tank last game; trending +9.1 brl; heart vs in-zone,1.4667465518785832,1.2810597342012986,1.14,0.7,1,1.22,114,114 air · 74°F · 2 mph · 54° dew · RHB,19,362,.447,3,39,10,13.1,91.9,49.1,0.221,50.5
39,677594,Julio Rodríguez,SEA,BOS,False,3,CF,R,official,preview,Payton Tolle,L,1.01,87% hard · 9% break,0.12055842672657618,0.12188846769548145,0.12575631827939948,3,0.97,stable,,16.7% vs LHP last 10; 4S-FB 45%; trending +4.7 brl; heart vs in-zone,1.1753054614041343,1.0100364413993677,0.89,1.3687601371070703,1,1.19377,89,89 air · 75°F · cross LF 8 · 59° dew · RHB,20,546,.401,1,43,10,9.6,89.9,43.2,0.188,38.7
40,643217,Andrew Benintendi,CWS,HOU,False,4,DH,L,projected,preview,Peter Lambert,R,0.91,51% hard · 25% break,0.1174352862713442,0.12130540938938261,0.12235792635323561,3,0.69588576,fair,Weather not posted; Projected order,102.6 last game; 4× 100+ last 3; 20–30° last 5; 35% pull air,1.1200496760149878,0.9778095797776029,1.06,1.2090916838237775,1,1.22,106,106 air · 74° dew · LHB,14,405,.433,2,37,10,8.8,89,44.2,0.166,51.3
41,691406,Junior Caminero,TB,NYM,True,3,3B,R,official,preview,Robert Stock,R,0.87,78% hard · 12% break,0.11722900565092542,0.12146479512246167,0.12213374806095234,3,0.6580480000000001,fair,Starter sample thin,Cutter 32%; tank last game; 55.2% ideal AA; 25.1% blast,1.552742413444304,1.07880397635302,1.02,1.1008989942107088,1,0.9124053120000002,102,102 air · 72°F · roof closed · RHB,37,593,.539,2,42,10,13.1,93,50.4,0.224,46.6
42,690993,Colt Keith,DET,MIN,False,2,DH,L,official,preview,Taj Bradley,R,1.22,71% hard · 9% break,0.1138993043652999,0.11505579545940892,0.11851997118128332,3,0.97,stable,,16.7% vs RHP last 10; 4S-FB 47%; trending +9.2 brl; 108.3 last game,0.9801231755601958,1.0895371480344442,0.98,1.2270104194740892,1,1.22,98,98 air · 86°F · out RF 6 · 60° dew · LHB,9,385,.405,,,,7.5,89,42.1,0.154,38.9
43,695657,Colson Montgomery,CWS,HOU,False,6,SS,L,projected,preview,Peter Lambert,R,0.91,51% hard · 25% break,0.11213512112970295,0.11557710775760266,0.11604494439482445,2.406896551724138,0.69588576,fair,Weather not posted; Projected order,trending +7.7 brl; 80% ideal AA; 20% barrels last 10; 76.5 bat,1.3998928425965667,0.9611116156745184,1.07,1.2718484913160633,1,1.22,107,107 air · 74° dew · pull × porch · LHB,28,540,.426,2,41,10,12.3,88.8,41.9,0.198,48.7
44,686797,Brooks Lee,MIN,DET,True,2,3B,S,official,preview,Jackson Jobe,R,0.98,54% hard · 35% break,0.10979132580781542,0.11393950560915689,0.11407397050753099,3,0.5922432000000001,fair,Starter sample thin; Starter outing length thin,4S-FB 36%; trending +6 brl; 104.1 last game; 66.7% ideal AA,0.9689479853365104,1.061656954629633,0.96,1.2791616247850541,1,1.22,96,96 air · 86°F · out RF 6 · 60° dew · switch,22,525,.439,4,40,10,4,88.1,33.7,0.116,42.4
45,693307,Dillon Dingler,DET,MIN,False,4,C,R,official,preview,Taj Bradley,R,1.22,71% hard · 9% break,0.10920143979299697,0.1102354952620942,0.11343666992300627,3,0.97,stable,,4S-FB 47%; 103.7 last game; 57.9% ideal AA; 39.5% sweet,1.3362224902534723,1.078246423274014,0.96,1.2495507308240605,1,0.84357,96,96 air · 86°F · out RF 6 · 60° dew · RHB,26,531,.472,0,36,10,10.2,88.4,42.3,0.206,41.4
46,694192,Jackson Chourio,MIL,CHC,False,4,LF,R,projected,preview,Clay Holmes,R,0.48,61% hard · 25% break,0.10892790058965685,0.11211081450785398,0.11314123933497977,3,0.69588576,fair,Weather not posted; Projected order,16.7% vs RHP last 10; 107.1 last game; 67.9% ideal AA; 19.0% blast,1.348238758064757,0.798186663582265,1.05,1.3772666806179594,1,0.9637411255411256,105,105 air · 71° dew · RHB,20,461,.476,3,46,10,13.2,92,47.9,0.22,29.2
47,687952,Christian Encarnacion-Strand,BAL,COL,False,5,3B,R,projected,preview,Tanner Gordon,R,1.83,46% hard · 31% break,0.10862838859231183,0.11193849585040949,0.11281782668210305,3,0.677538432,fair,Projected order,4S-FB 43%; 28.6% pull air; 16.1% barrels; 9.2% solid,1.532086663616297,1.3126290365981126,1.14,0.784266906762705,1,0.8320000000000001,114,114 air · 74°F · 2 mph · 54° dew · RHB,7,131,.496,1,39,10,16.1,92.1,41.4,0.271,43.7
48,683002,Gunnar Henderson,BAL,COL,False,3,SS,L,projected,preview,Tanner Gordon,R,1.83,46% hard · 31% break,0.10689112658849517,0.10988977067128591,0.1109433608609599,3,0.6983999999999999,fair,Projected order,tank last game; 5× 100+ last 3; heart vs in-zone; 59.3% ideal AA,1.066149534587047,1.1891806974151187,1.14,0.8920555924695461,1,1.1248423174072841,114,114 air · 74°F · 2 mph · 54° dew · LHB,22,610,.408,2,39,10,7.3,89.8,44.4,0.156,43
49,608369,Corey Seager,TEX,ATH,True,2,SS,L,official,preview,Gage Jump,L,0.92,52% hard · 39% break,0.10582368520290036,0.1067697097192083,0.1097928214712115,3,0.97,stable,,4S-FB 46%; 104.7 last game; 19.2% pull air; 61.5% ideal AA,1.365840643183692,1.0115293291885261,1.11,1.0014533182059056,1,0.8998080000000002,111,111 air · 72°F · roof closed · LHB,13,327,.403,1,45,10,14.1,91.7,48.3,0.221,43.9
50,665161,Jeremy Peña,HOU,CWS,True,1,SS,R,projected,preview,Anthony Kay,L,1.23,57% hard · 29% break,0.10581956941692537,0.10875139870607453,0.10978838705273342,3,0.69588576,fair,Weather not posted; Projected order,4S-FB 23%; trending +13.6 brl; 105.9 last game; 85% ideal AA,1.1001743916637214,1.0876289266973589,1.02,0.9571216486594637,1,1.22,102,102 air · 74° dew · RHB,17,376,.484,3,41,10,6.4,88.3,39.4,0.148,47.3
51,673548,Seiya Suzuki,CHC,MIL,True,2,RF,R,projected,preview,Kyle Harrison,L,1.22,60% hard · 31% break,0.10560872983273314,0.10852352793188236,0.10956124306500026,3,0.69588576,fair,Weather not posted; Projected order,4S-FB 58%; 103.9 last game; 5× 100+ last 3; 20% pull air,1.2337435651138717,1.1116566465216842,1.05,1.0231438654033043,1,0.9638743296000003,105,105 air · 71° dew · RHB,23,527,.487,1,48,10,10.4,88.5,38.5,0.179,42.8
52,694374,Tim Tawa,AZ,PHI,True,6,1B,R,projected,preview,Aaron Nola,R,2.01,50% hard · 34% break,0.10491707132978603,0.10777599867096588,0.10782355085978934,2,0.69588576,fair,Weather not posted; Projected order,27.8% vs RHP last 10; Changeup 16%; tank last game; trending +8.6 brl,1.1525996142405635,1.2562937434082362,1.06,1.42,1,1.22,106,106 air · 68° dew · RHB,9,265,.409,2,40,10,10.6,91.1,45.6,0.169,38.5
53,681393,Connor Norby,COL,BAL,True,2,2B,R,projected,preview,Cade Povich,L,1.59,54% hard · 35% break,0.10467805348637998,0.10807283971694748,0.10855902306558673,3,0.62185536,fair,Projected order,16.7% vs LHP last 10; 57.1% ideal AA; 17.5% K; 114 air,0.9225733330811534,1.052144007278708,1.14,1.0446508204520593,1,1.22,114,114 air · 74°F · 2 mph · 54° dew · RHB,6,299,.362,2,39,10,7.1,87.4,38.1,0.137,39.9
54,805808,Kevin McGonigle,DET,MIN,False,3,SS,L,official,preview,Taj Bradley,R,1.22,71% hard · 9% break,0.10364054906590664,0.10452967674466107,0.10744258117504846,3,0.97,stable,,4S-FB 47%; trending +5.6 brl; 58.1% ideal AA; 12.9% barrels last 10,0.9676414459568432,1.069807468585037,0.98,1.0775896297060994,1,1.22,98,98 air · 86°F · out RF 6 · 60° dew · LHB,14,594,.418,1,43,10,7.3,88.2,36.8,0.174,37.1
55,672640,Otto Lopez,MIA,WSH,False,2,SS,R,official,preview,Will Dion,L,1.57,55% hard · 20% break,0.10354470141504513,0.10499988549935757,0.10733948453156417,3,0.8832238,stable,,15.4% vs LHP last 10; tank last game; 18.6% blast; 111 air,0.8399864016142146,1.0082712878303295,1.11,1.171629922503165,1,1.22,111,111 air · 86°F · cross LF 5 · 70° dew · RHB,10,579,.444,1,45,10,6.4,89.1,40.9,0.141,32.3
56,694673,Abimelec Ortiz,WSH,MIA,True,2,1B,L,official,preview,Ryan Gusto,R,1.14,54% hard · 32% break,0.10343929545092168,0.10516188896335488,0.10722611516018188,3,0.8425728000000001,stable,,4S-FB 28%; 57.7% ideal AA; 41.3% sweet; 75.6 bat,1.288086536300907,1.085179446664818,1.08,1.0515,1,0.8487200000000001,108,108 air · 86°F · cross LF 5 · 70° dew · LHB,5,88,.440,0,39,10,9.5,90.3,41.3,0.217,44.4
57,701807,Carson Benge,NYM,TB,False,3,RF,L,official,preview,Ian Seymour,L,1.6,43% hard · 30% off,0.10304224384569519,0.1039157785092707,0.10679914611553476,3,0.97,stable,,Air starter; Platoon; #3,0.993351368187548,1.125711307616216,1.02,1.1125708597766226,1,1.0406855636123926,102,102 air · 72°F · roof closed · LHB,16,541,.422,2,42,10,7.4,88.9,40,0.158,32.9
58,668227,Randy Arozarena,SEA,BOS,False,1,LF,R,official,preview,Payton Tolle,L,1.01,87% hard · 9% break,0.10269719404418617,0.10356173602875662,0.1064281994760432,3,0.97,stable,,12.5% vs LHP last 10; 4S-FB 45%; heart vs in-zone; 22.7% pull air,1.0717257556591997,1.0111778721809928,0.89,1.2229283551699766,1,1.1132545185185188,89,89 air · 75°F · cross LF 8 · 59° dew · RHB,20,556,.453,3,45,10,7.5,90.6,41.7,0.154,34.4
59,681047,Christian Franklin,BAL,COL,False,7,LF,R,projected,preview,Tanner Gordon,R,1.83,46% hard · 31% break,0.10199633821698176,0.10655126332116782,0.1056750353355087,3,0.42768000000000006,thin,Short season sample; Projected order,4S-FB 43%; 13.6% barrels; Air starter; 18.9% K,1.0553921511945716,1.2718343607564488,1.14,0.9,1,1,114,114 air · 74°F · 2 mph · 54° dew · RHB,0,42,.206,,,,13.6,86.6,45.5,0.166,9.1
60,502671,Paul Goldschmidt,NYY,LAA,False,1,1B,R,projected,preview,Walbert Ureña,R,0.54,52% hard · 15% break,0.1019510027859962,0.10457033718206721,0.10562632979483477,3,0.69588576,fair,Weather not posted; Projected order,Sinker 31%; trending +10.4 brl; 101.1 last game; 4× 100+ last 3,1.2864993002365195,0.93041068516542,0.84,1.0879747085556215,1,1.22,84,84 air · 61° dew · RHB,18,348,.459,,,,11,86.7,37.3,0.186,31.4
61,680777,Ryan Jeffers,MIN,DET,True,4,C,R,official,preview,Jackson Jobe,R,0.98,54% hard · 35% break,0.10189253602253007,0.10522700077034475,0.10556351919504015,3,0.5922432000000001,fair,Starter sample thin; Starter outing length thin,13.3% vs RHP last 10; 105.3 last game; 66.7% ideal AA; 18.8% K,1.1702264069083443,0.9925244651306697,0.96,1.2891951023330885,1,0.9381952197006277,96,96 air · 86°F · out RF 6 · 60° dew · RHB,10,292,.464,0,37,10,10.9,88.5,39.6,0.182,37.1
62,592518,Manny Machado,SD,CIN,False,3,3B,R,official,preview,Brady Singer,R,1.7,59% hard · 41% break,0.10172096615283671,0.1025600657113449,0.10537921813583218,3,0.97,stable,,57.7% ideal AA; Air starter; 18.3% K; 124 air,1.1969308930593405,1.0919763282694859,1.24,0.9886489657087325,1,0.8062840000000001,124,124 air · 92°F · cross LF 7 · 71° dew · RHB,24,573,.399,0,45,10,9.4,90.4,44.8,0.176,41.4
63,678246,Miguel Vargas,CWS,HOU,False,3,3B,R,projected,preview,Peter Lambert,R,0.91,51% hard · 25% break,0.10012388250402973,0.10259562586403348,0.10366474921740765,3,0.69588576,fair,Weather not posted; Projected order,4S-FB 32%; 31.8% pull air; 17.6% blast; 41.3% sweet,1.4969604397516094,1.0785592739848702,1.02,0.9394341077632771,1,0.8355360000000001,102,102 air · 74° dew · RHB,29,591,.490,1,44,10,14.2,90.7,46.2,0.251,45.6
64,677649,Ezequiel Duran,TEX,ATH,True,1,CF,R,official,preview,Gage Jump,L,0.92,52% hard · 39% break,0.09999889567939049,0.1007931146817469,0.10353066150601109,3,0.97,stable,,4S-FB 46%; 103.3 last game; 19.2% pull air; 61.5% ideal AA,0.9444484561858775,0.9897976127120555,1.08,1.0188360533679113,1,1.22,108,108 air · 72°F · roof closed · RHB,15,494,.450,2,43,10,6.3,88.9,37.7,0.13,37.4
65,671739,Michael Harris II,ATL,SF,True,5,CF,L,official,preview,Anthony Molina,R,0.96,44% hard · 29% break,0.09995153755694886,0.10292241577043759,0.10335099698895432,2.8000000000000007,0.61692,fair,No established starter,20.9% blast; xSLG 0.476; 8.6% K; 120 air,1.2485782308449886,1,1.2,1.2230068441334765,1,0.7910400000000001,120,120 air · 91°F · out RF 5 · 67° dew · LHB,22,524,.496,2,41,10,10.5,90.4,48.3,0.188,37
66,677800,Wilyer Abreu,BOS,SEA,True,4,RF,L,official,preview,George Kirby,R,1.04,53% hard · 39% break,0.09872798324476664,0.09948907976011356,0.10216791224964294,3,0.97,stable,,Sweeper 29%; 22.2% pull air; 59.3% ideal AA; 12.5% barrels,1.309596239281234,1.0840396007372237,0.87,1.0726833257778907,1,0.9268022400000002,87,87 air · 75°F · cross LF 8 · 59° dew · LHB,23,585,.469,1,45,10,12.5,89.8,44,0.221,37
67,683737,Michael Busch,CHC,MIL,True,3,1B,L,projected,preview,Kyle Harrison,L,1.22,60% hard · 31% break,0.09855562863614245,0.10090069165908111,0.1018123289695803,2.7333333333333307,0.69588576,fair,Weather not posted; Projected order,4S-FB 58%; trending +5.7 brl; 100 last game; 60% ideal AA,1.0698411299145008,1.0398698273077822,1.05,1.0222173075238679,1,1.22,105,105 air · 71° dew · LHB,17,607,.391,2,46,10,9.3,88.3,39.9,0.17,37.8
68,666160,Mickey Moniak,COL,BAL,True,6,LF,L,projected,preview,Cade Povich,L,1.59,54% hard · 35% break,0.09781824211391528,0.10055057205585738,0.10071301927355475,2.3454545454545475,0.62185536,fair,Projected order,14.3% vs LHP last 10; 4S-FB 45%; 103.9 last game; 34.8% pull air,1.3279152367871567,1.1377622813536217,1.14,1.1786133672474468,1,0.9085440000000002,114,114 air · 74°F · 2 mph · 54° dew · LHB,21,370,.509,2,43,10,10,89.8,42.2,0.182,47.4
69,682928,CJ Abrams,WSH,MIA,True,1,SS,L,official,preview,Ryan Gusto,R,1.14,54% hard · 32% break,0.0976307344202093,0.0983632344650619,0.10099240573641821,3,0.97,stable,,68.8% ideal AA; 18.9% K; #1,1.3052677350377566,1.0116703491086025,1.08,1.0515,1,0.8034,108,108 air · 86°F · cross LF 5 · 70° dew · LHB,29,565,.506,0,44,10,9.8,89.4,40.8,0.182,43.5
70,681297,Colton Cowser,BAL,COL,False,9,CF,L,projected,preview,Tanner Gordon,R,1.83,46% hard · 31% break,0.09726324640432463,0.09948925713773493,0.09975080203077002,2,0.6983999999999999,fair,Projected order,12.5% vs RHP last 10; heart vs in-zone; 21.1% pull air; 9.4% solid,1.2608359794109323,1.1798527209609122,1.14,1.307686472338569,1,1.050055935501807,114,114 air · 74°F · 2 mph · 54° dew · LHB,13,329,.382,,,,10.9,88,40.6,0.205,37.5
71,607208,Trea Turner,PHI,AZ,False,2,SS,R,projected,preview,Brandon Pfaadt,R,1.03,54% hard · 29% break,0.09583949749850817,0.09796515700835873,0.0990754605539722,3,0.69588576,fair,Weather not posted; Projected order,13.3% vs RHP last 10; 16.7% K; #2,0.9047769732253439,0.9722531996380324,1.06,1.2206766419330557,1,1.0513196480938416,106,106 air · 68° dew · RHB,17,589,.381,0,46,10,6.2,88.3,39,0.121,33.8
72,678545,Osleivis Basabe,SF,ATL,False,6,3B,R,official,preview,Bryce Elder,R,1.38,65% hard · 23% break,0.0947456588288972,0.09595800144188571,0.09788498995322656,2.961290322580645,0.8563104,stable,,12.5% vs RHP last 10; 115 air,0.9657835058745078,1.023516312191419,1.15,1.2387124220803227,1,0.8380221653878943,115,115 air · 91°F · out RF 5 · 67° dew · RHB,3,94,.330,,,,6.9,87.3,34.2,0.126,39.7
73,666018,Jonathan Aranda,TB,NYM,True,2,1B,L,official,preview,Robert Stock,R,0.87,78% hard · 12% break,0.09320330375935175,0.09530579085677549,0.0962588593034992,3,0.6580480000000001,fair,Starter sample thin,64% ideal AA; 38.6% sweet; #2,1.101741960418059,1.0194130260173355,1.02,1.0310677269678648,1,0.9675979528619529,102,102 air · 72°F · roof closed · LHB,17,579,.421,2,39,10,9.9,91.1,45.6,0.182,29.3
74,686527,Dominic Canzone,SEA,BOS,False,2,DH,L,official,preview,Payton Tolle,L,1.01,87% hard · 9% break,0.09299349061637661,0.09360513493311784,0.09603492227508381,3,0.97,stable,,4S-FB 45%; heart vs in-zone; 20% pull air; 75% ideal AA,1.362602027754699,1.0106679211364709,0.87,0.9383479072184431,1,0.9865306774239315,87,87 air · 75°F · cross LF 8 · 59° dew · LHB,20,419,.475,1,43,10,12.3,91.2,44.6,0.213,41.1
75,680869,Zack Gelof,ATH,TEX,False,3,3B,R,official,preview,Jacob deGrom,R,1.17,45% hard · 43% break,0.0923882432607877,0.09298411363659731,0.09538912522849019,3,0.97,stable,,4S-FB 42%; 65.2% ideal AA; #3,1.1282789402708844,1.0668207707752055,1.08,1.0502398844628948,1,0.8034,108,108 air · 72°F · roof closed · RHB,14,330,.446,0,45,10,7.8,88.7,41.7,0.166,37.6
76,553993,Eugenio Suárez,CIN,SD,True,6,3B,R,official,preview,Michael King,R,1.04,48% hard · 27% off,0.09128766578497297,0.09185485293906526,0.09385672564110327,2.418181818181818,0.97,stable,,55% ideal AA; 124 air; Platoon,1.2597800929868572,1.027179288413744,1.24,1.1437955817015095,1,0.8240000000000001,124,124 air · 92°F · cross LF 7 · 71° dew · RHB,20,422,.414,2,39,10,10.9,88.4,35,0.147,49.1
77,571448,Nolan Arenado,AZ,PHI,True,4,3B,R,projected,preview,Aaron Nola,R,2.01,50% hard · 34% break,0.09107215487880571,0.09281271821109527,0.09398585326671782,3,0.69588576,fair,Weather not posted; Projected order,4S-FB 24%; 102.1 last game; 24.1% pull air; 69.0% ideal AA,1.0184079642247674,1.2097424431905708,1.06,0.930563667212168,1,0.8998080000000002,106,106 air · 68° dew · RHB,21,500,.430,1,42,10,6.3,84.9,31.2,0.122,48.1
78,664983,Jake McCarthy,COL,BAL,True,1,CF,L,projected,preview,Cade Povich,L,1.59,54% hard · 35% break,0.0902433326126714,0.09224414879098297,0.09310282112616675,3,0.62185536,fair,Projected order,trending +3.2 brl; 25% pull air; 39.4% sweet; 17.5% K,0.8739175672549797,1.08083471876967,1.14,0.8239002601040417,1,1.22,114,114 air · 74°F · 2 mph · 54° dew · LHB,14,485,.476,1,46,10,5.1,85,27.3,0.128,38.6
79,572233,Christian Walker,HOU,CWS,True,5,1B,R,projected,preview,Anthony Kay,L,1.23,57% hard · 29% break,0.08971848553592088,0.09134970222979766,0.09254392325705862,3,0.69588576,fair,Weather not posted; Projected order,106.3 last game; 16.5% blast; 18.4% K,1.194697032280143,0.9899265973800426,1.02,0.9481386267006804,1,0.9310777408637874,102,102 air · 74° dew · RHB,24,542,.433,1,41,10,9.1,89.3,41.7,0.161,42.3
80,642708,Amed Rosario,NYY,LAA,False,5,3B,R,projected,preview,Walbert Ureña,R,0.54,52% hard · 15% break,0.0889958097821145,0.0905686502079931,0.09164187619983175,2.74285714285714,0.69588576,fair,Weather not posted; Projected order,106.9 last game; 4× 100+ last 3; 63.6% ideal AA; Platoon,1.2361350665186857,0.8025938803558231,0.84,1.38,1,1.0522648579816516,84,84 air · 61° dew · RHB,10,214,.421,,,,10.9,90.4,39.5,0.179,36.1
81,650489,Willi Castro,COL,BAL,True,5,3B,S,projected,preview,Cade Povich,L,1.59,54% hard · 35% break,0.0887533411444745,0.09061026791176419,0.09151672316626969,3,0.62185536,fair,Projected order,4S-FB 45%; 105.9 last game; 29.6% pull air; 55.6% ideal AA,1.0545986364239592,1.2118102895567717,1.14,0.7864456359608063,1,0.9169472000000002,114,114 air · 74°F · 2 mph · 54° dew · switch,15,473,.418,1,43,10,8.1,87.6,40,0.156,44.7
82,679822,Justin Foscue,TEX,ATH,True,6,2B,R,official,preview,Gage Jump,L,0.92,52% hard · 39% break,0.088197641763502,0.08868429679144474,0.09023314696636531,2,0.97,stable,,trending +5.9 brl; 27.8% pull air; 66.7% ideal AA; 16.7% barrels last 10,1.2656847410288352,0.9343719148270129,1.08,1.2356910933568799,1,1.22,108,108 air · 72°F · roof closed · RHB,9,197,.478,,,,10.8,89.2,40.8,0.197,46.9
83,624641,Edmundo Sosa,PHI,AZ,False,5,3B,R,projected,preview,Brandon Pfaadt,R,1.03,54% hard · 29% break,0.08810167443767894,0.0896022884408244,0.0908235665018956,3,0.69588576,fair,Weather not posted; Projected order,tank last game; trending +12.4 brl; 20% barrels last 10; xSLG 0.461,1.0335225442644411,0.9487201779139849,1.06,0.8231325433399166,1,1.20536,106,106 air · 68° dew · RHB,7,217,.402,,,,7.6,87.8,40.5,0.174,40.5
84,668930,Brice Turang,MIL,CHC,False,1,2B,L,projected,preview,Clay Holmes,R,0.48,61% hard · 25% break,0.08726024515507062,0.08869289022326243,0.08992905386601646,3,0.69588576,fair,Weather not posted; Projected order,14.3% vs RHP last 10; 105.1 last game; 60.9% ideal AA; 9.5% solid,1.0358273408781833,0.8438427738769447,1.05,1.2529316845679277,1,0.8816800000000001,105,105 air · 71° dew · LHB,17,574,.428,1,47,10,7.6,90.2,41.3,0.171,28.5
85,650490,Yandy Díaz,TB,NYM,True,1,DH,R,official,preview,Robert Stock,R,0.87,78% hard · 12% break,0.08714627984905118,0.08871094859069018,0.08980794109468426,3,0.6580480000000001,fair,Starter sample thin,106.5 last game; 7× 100+ last 3; #1,1.0339159032705414,1.0152112010913532,1.02,1.0439886935063092,1,0.9073736023343465,102,102 air · 72°F · roof closed · RHB,20,582,.465,1,44,10,7,90.8,47.6,0.161,22.4
86,689414,Liam Hicks,TB,NYM,True,4,C,L,official,preview,Robert Stock,R,0.87,78% hard · 12% break,0.0861868235241131,0.08766629973047946,0.08873865180821779,2.8909090909090907,0.6580480000000001,fair,Starter sample thin,Platoon,0.8493005985729194,0.9747005967932229,1.02,1.0889047763265511,1,1.1470588235294117,102,102 air · 72°F · roof closed · LHB,17,485,.446,,,,4,84.9,28,0.099,43.8
87,553869,Elias Díaz,TEX,ATH,True,7,DH,R,official,preview,Gage Jump,L,0.92,52% hard · 39% break,0.08563606443160152,0.08605595969735436,0.08755242103905148,2,0.97,stable,,28.6% vs LHP last 10; trending +15.0 brl; 20–30° last 5; 23.1% barrels last 10,1.0473392953300324,0.9350026771883791,1.08,1.42,1,1.22,108,108 air · 72°F · roof closed · RHB,6,187,.397,,,,8.1,87.2,38.5,0.143,37
88,607043,Brandon Nimmo,TEX,ATH,True,4,RF,L,official,preview,Gage Jump,L,0.92,52% hard · 39% break,0.08553945291943846,0.08595683029845935,0.08810141212865563,3,0.97,stable,,105.7 last game; 16.4% blast; 8.9% solid; 92.2 EV,1.092746298929058,0.8775338675624968,1.11,0.9670251996738859,1,0.9349701960784315,111,111 air · 72°F · roof closed · LHB,14,555,.421,1,45,10,10.2,92.2,50.5,0.194,31.8
89,592885,Christian Yelich,MIL,CHC,False,5,DH,L,projected,preview,Clay Holmes,R,0.48,61% hard · 25% break,0.0852901822090146,0.08656368962535288,0.087836853572141,3,0.69588576,fair,Weather not posted; Projected order,66.7% ideal AA; 18.2% K,0.995701493184542,0.8578624896683378,1.05,0.9814833209319268,1,1.10612112,105,105 air · 71° dew · LHB,9,416,.384,1,41,10,10.3,88.9,43,0.162,34.2
90,680776,Jarren Duran,BOS,SEA,True,7,LF,L,official,preview,George Kirby,R,1.04,53% hard · 39% break,0.08496820639945908,0.08537069596644686,0.08711585972674268,2.3161290322580648,0.97,stable,,Sweeper 29%; trending +4.0 brl; 104.4 last game; 13.6% barrels last 10,1.0898552817662366,1.019688757805576,0.87,1.215770210065192,1,1.22,87,87 air · 75°F · cross LF 8 · 59° dew · LHB,18,532,.364,,,,9.6,89.8,40.6,0.149,40
91,592663,J.T. Realmuto,PHI,AZ,False,8,C,R,projected,preview,Brandon Pfaadt,R,1.03,54% hard · 29% break,0.08458117772799445,0.08579741321376366,0.08708462831596975,3,0.69588576,fair,Weather not posted; Projected order,trending +3.1 brl; 103.3 last game; 28% pull air; 60% ideal AA,0.9091535228698413,0.917105030794463,1.06,0.8897736574857396,1,1.22,106,106 air · 68° dew · RHB,10,388,.362,2,39,10,4.9,90,41.1,0.134,44.1
92,596146,Max Kepler,AZ,PHI,True,5,LF,L,projected,preview,Aaron Nola,R,2.01,50% hard · 34% break,0.0832383855275967,0.08448175584655282,0.08557860057936646,2.8121212121212125,0.64928293632,fair,Weather not posted; Projected order,102.5 last game; 30.8% pull air; Air starter,0.9082693875967429,1.1323125759759314,1.06,0.8972193059830144,1,1.059447154471545,106,106 air · 68° dew · LHB,2,139,.317,0,37,10,8.2,89.1,40.8,0.13,42.9
93,695731,Braden Montgomery,CWS,HOU,False,5,RF,S,projected,preview,Peter Lambert,R,0.91,51% hard · 25% break,0.08222010104974671,0.08324561359482274,0.08458241772362851,3,0.69588576,fair,Weather not posted; Projected order,62.1% ideal AA; 8.3% solid,0.792517086892365,0.9425592496852695,1.04,0.9627272830781402,1,1.22,104,104 air · 74° dew · switch,5,283,.361,1,39,10,4.2,89,41.1,0.131,36.5
94,701785,Kaelen Culpepper,MIN,DET,True,8,SS,R,official,preview,Jackson Jobe,R,0.98,54% hard · 35% break,0.08210631662169637,0.08406520448493227,0.0838646359108095,2,0.3626726400000001,thin,Short season sample; Starter sample thin; Starter outing length thin,14.3% vs RHP last 10; 4S-FB 36%; 26.9% pull air; 69.2% ideal AA,1.0531182788514157,1.112498132715364,0.96,1.2846874237307597,1,1.22,96,96 air · 86°F · out RF 6 · 60° dew · RHB,3,74,.478,2,38,10,6,87.9,31.4,0.168,41.2
95,687093,Vaughn Grissom,LAA,NYY,True,3,1B,R,projected,preview,Elmer Rodríguez,R,0.78,65% hard · 27% break,0.0820424078830217,0.08374669143067293,0.08439427662605026,3,0.44536688639999994,thin,Starter sample thin; Weather not posted; Projected order,trending +4.0 brl; 15.2% K; #3,0.9099072339640557,0.9372943172165435,0.84,1.0544607475394068,1,1.22,84,84 air · 61° dew · RHB,9,367,.380,2,44,10,6.7,87.8,37.3,0.134,40.7
96,608324,Alex Bregman,CHC,MIL,True,4,3B,R,projected,preview,Kyle Harrison,L,1.22,60% hard · 31% break,0.08200202542950691,0.083009922272404,0.0837557832358704,2,0.69588576,fair,Weather not posted; Projected order,25% vs LHP last 10; trending +7.3 brl; 25% pull air; 87.5% ideal AA,0.9416489555725729,1.0079347307143431,1.05,1.42,1,1.22,105,105 air · 71° dew · RHB,20,614,.422,4,47,10,5.2,88.1,37.2,0.128,47
97,808982,Jung Hoo Lee,SF,ATL,False,5,RF,L,official,preview,Bryce Elder,R,1.38,65% hard · 23% break,0.08116798842587358,0.08147143681029512,0.08346879694900644,3,0.97,stable,,104 last game; 4× 100+ last 3; 120 air,0.6797424036615173,0.9711866158693623,1.2,0.9109457328471963,1,1.22,120,120 air · 91°F · out RF 5 · 67° dew · LHB,9,506,.423,0,38,10,2.6,87.3,30.5,0.094,36.6
98,665750,Leody Taveras,BAL,COL,False,6,RF,S,projected,preview,Tanner Gordon,R,1.83,46% hard · 31% break,0.0810128274401955,0.08193474886288366,0.08330463695013268,3,0.6983999999999999,fair,Projected order,Air starter; 18.9% K; 114 air,0.755552898942789,1.2078111790740915,1.14,0.8713430171652512,1,0.9804161566707467,114,114 air · 74°F · 2 mph · 54° dew · switch,8,428,.359,1,40,10,4.3,88.3,33.6,0.11,35
99,671976,Tristan Peters,CWS,HOU,False,7,LF,L,projected,preview,Peter Lambert,R,0.91,51% hard · 25% break,0.0804420995608452,0.08132398878540636,0.08212836671569201,2,0.69588576,fair,Weather not posted; Projected order,15.8% vs RHP last 10; 4S-FB 32%; trending +10.3 brl; 105 last game,0.9409489250167611,1.0438467655079948,1.06,1.3140216480752056,1,1.22,106,106 air · 74° dew · LHB,12,411,.467,5,37,10,5.7,87.4,32.8,0.136,51
100,677942,Blaze Alexander,BAL,COL,False,1,2B,R,projected,preview,Tanner Gordon,R,1.83,46% hard · 31% break,0.08001046969445624,0.08085195232817388,0.08224458954611602,3,0.6983999999999999,fair,Projected order,100.1 last game; 75% ideal AA; 41% sweet; 92.2 EV,0.9147014460492853,1.2752902341623007,1.14,0.7749349372776634,1,0.84357,114,114 air · 74°F · 2 mph · 54° dew · RHB,4,255,.430,1,40,10,6.9,92.2,48.9,0.159,32
101,671218,Heliot Ramos,NYY,LAA,False,3,RF,R,projected,preview,Walbert Ureña,R,0.54,52% hard · 15% break,0.07897330690447071,0.07981540695351808,0.08114854415665218,3,0.656496,fair,Weather not posted; Projected order,tank last game; trending +8.3 brl; 4× 100+ last 3; 55.6% ideal AA,1.1849664984869024,0.8150638140934402,0.84,0.8596985519353941,1,1.22,84,84 air · 61° dew · RHB,10,380,.398,,,,13.9,92.3,49.8,0.186,33.2
102,664954,Brett Sullivan,COL,BAL,True,8,C,L,projected,preview,Cade Povich,L,1.59,54% hard · 35% break,0.07717211608417343,0.0779106366804162,0.07872138000150897,2,0.62185536,fair,Projected order,16.7% vs LHP last 10; 4S-FB 45%; 28.6% pull air; 64.3% ideal AA,0.9599797576410911,1.1388746131381646,1.14,1.022814822719633,1,1.22,114,114 air · 74°F · 2 mph · 54° dew · LHB,7,203,.419,1,36,10,4.5,86.6,32.3,0.128,52.3
103,669221,Sean Murphy,ATL,SF,True,7,C,R,official,preview,Anthony Molina,R,0.96,44% hard · 29% break,0.07663726986099763,0.07771890193608921,0.07816469994018238,2,0.37778400000000006,thin,Short season sample; No established starter,12.5% vs RHP last 10; 4S-FB 44%; trending +16.4 brl; 103.2 last game,1.0260587452466001,1,1.15,1.075989788403196,1,1.22,115,115 air · 91°F · out RF 5 · 67° dew · RHB,2,57,.382,,,,8.6,85.5,37.1,0.143,48.6
104,701678,Hao-Yu Lee,DET,MIN,False,9,3B,R,official,preview,Taj Bradley,R,1.22,71% hard · 9% break,0.07648632475486301,0.07666775974174334,0.07800762202849842,2,0.97,stable,,16.7% vs RHP last 10; trending +3.4 brl; 108.3 last game; 12% barrels last 10,1.0473301808564628,0.9778285540903684,0.96,1.2905232458106726,1,1.19377,96,96 air · 86°F · out RF 6 · 60° dew · RHB,7,261,.411,1,38,10,8.6,89.6,41.1,0.161,29.2
105,665923,Esteury Ruiz,MIA,WSH,False,8,RF,R,official,preview,Will Dion,L,1.57,55% hard · 20% break,0.07549037478296533,0.07580448324922218,0.07697152884619562,2,0.8332299999999999,stable,,4S-FB 42%; 40.8% sweet; 111 air; Platoon,1.0154436432555505,1.1135840359126927,1.11,1.1844310492408885,1,1,111,111 air · 86°F · cross LF 5 · 70° dew · RHB,6,200,.421,,,,7.8,85.6,28.2,0.125,56.3
106,664023,Ian Happ,CHC,MIL,True,5,LF,S,projected,preview,Kyle Harrison,L,1.22,60% hard · 31% break,0.07514075639277955,0.07559441396863897,0.07660795092917105,2,0.69588576,fair,Weather not posted; Projected order,trending +3.1 brl; 38.1% pull air; 57.1% ideal AA; 14.3% barrels last 10,1.2707312746197899,0.9241081806253164,1.05,0.9837914732030377,1,1.22,105,105 air · 71° dew · switch,23,558,.423,3,38,10,11.2,89.1,41.5,0.191,46.2
107,656537,Derek Hill,PHI,AZ,False,9,CF,R,projected,preview,Brandon Pfaadt,R,1.03,54% hard · 29% break,0.07498566181248084,0.07547236784422673,0.07671419584342322,2.4399999999999977,0.656496,fair,Weather not posted; Projected order,62.5% ideal AA; 16.7% K; Platoon,1.1449233696985648,0.9860846627607123,1.06,1.0922543901281443,1,0.8240000000000001,106,106 air · 68° dew · RHB,9,190,.420,,,,9.8,88.9,33.6,0.146,37.2
108,596142,Gary Sánchez,MIL,CHC,False,6,C,R,projected,preview,Clay Holmes,R,0.48,61% hard · 25% break,0.07474757741863584,0.07516947480184322,0.0763001525548902,2.147368421052633,0.69588576,fair,Weather not posted; Projected order,Sinker 51%; 76.9% ideal AA; 18.2% K; Platoon,1.1489518026466927,0.9795172327520336,1.05,1.1914980460269213,1,0.9305440068114093,105,105 air · 71° dew · RHB,11,242,.429,,,,8.7,87.9,35.6,0.188,42.3
109,694671,Wyatt Langford,TEX,ATH,True,3,LF,R,official,preview,Gage Jump,L,0.92,52% hard · 39% break,0.07425768985514336,0.07438104221689246,0.07617555705314971,3,0.97,stable,,28.6% pull air; #3,1.0779052399772184,0.8806957187719787,1.08,0.8875335181471433,1,0.8320000000000001,108,108 air · 72°F · roof closed · RHB,15,366,.453,1,46,10,6.8,89.2,38.4,0.152,42.8
110,814430,Brett Callahan,DET,MIN,False,5,LF,L,official,preview,Taj Bradley,R,1.22,71% hard · 9% break,0.07424217158441078,0.07478654163344656,0.07615921973290507,3,0.5363600000000002,fair,Short season sample,4S-FB 47%; 38.1% sweet; xSLG 0.458; Air starter,1.0181472589035614,1.0795477007770522,0.98,0.8865000000000001,1,0.8,98,98 air · 86°F · out RF 6 · 60° dew · LHB,1,30,.481,,,,4.8,91.4,47.6,0.164,38.1
111,807712,Luke Keaschall,MIN,DET,True,1,RF,R,official,preview,Jackson Jobe,R,0.98,54% hard · 35% break,0.07419165076578418,0.07467243438748217,0.07610603370582891,3,0.5922432000000001,fair,Starter sample thin; Starter outing length thin,4S-FB 36%; trending +6.4 brl; 102.9 last game; 18.8% K,0.730086581244292,1.0847670334556674,0.96,0.8214997731379812,1,1.22,96,96 air · 86°F · out RF 6 · 60° dew · RHB,9,512,.390,2,46,10,3.6,85.4,29.4,0.116,38.3
112,691781,Brady House,WSH,MIA,True,5,3B,R,official,preview,Ryan Gusto,R,1.14,54% hard · 32% break,0.07313334958413474,0.07322739941881262,0.07452172132130741,2,0.97,stable,,4S-FB 28%; 109.4 last game; 18.9% K; 111 air,1.1614810115898364,1.095552940381956,1.11,1.0693091277785698,1,0.9298947232947234,111,111 air · 86°F · cross LF 5 · 70° dew · RHB,10,283,.401,,,,11.1,90,47.5,0.187,33.1
113,671732,Lawrence Butler,ATH,TEX,False,4,RF,L,official,preview,Jacob deGrom,R,1.17,45% hard · 43% break,0.07301144709508255,0.07310231991024274,0.07480835780616346,2.832258064516129,0.97,stable,,Slider 36%; 108.5 last game; 111 air,0.9585457322220241,1.1027561817803098,1.11,0.8076196163411602,1,0.8508121212121212,111,111 air · 72°F · roof closed · LHB,12,432,.373,1,44,10,7.5,89.4,45.5,0.14,34.8
114,650559,Bryan De La Cruz,PHI,AZ,False,6,LF,R,projected,preview,Brandon Pfaadt,R,1.03,54% hard · 29% break,0.07283646162498,0.07330221557496786,0.07468007352100159,3,0.42614035200000006,thin,Short season sample; Weather not posted; Projected order,105 last game; 16.7% K,0.9039667722404567,1.0010649060703305,1.06,0.9,1,0.8560000000000001,106,106 air · 68° dew · RHB,2,51,.511,,,,5.6,88.8,41.7,0.119,36.1
115,682626,Francisco Alvarez,NYM,TB,False,9,C,R,official,preview,Ian Seymour,L,1.6,43% hard · 30% off,0.07264578513064239,0.07272712807314019,0.0741209700067263,2.1647058823529406,0.97,stable,,Sweeper 22%; 77.8% ideal AA; 18.3% blast; 15.7% barrels,1.322354983274239,1.1288647209803044,1.02,0.8927747988084123,1,0.9012497147604542,102,102 air · 72°F · roof closed · RHB,13,352,.398,,,,15.7,89.9,44.1,0.195,41.2
116,691777,Max Muncy,ATH,TEX,False,6,DH,R,official,preview,Jacob deGrom,R,1.17,45% hard · 43% break,0.07247207602663387,0.07254889176695456,0.07383497698315988,2,0.97,stable,,4S-FB 42%; 106.3 last game; 12.5% barrels last 10,1.0972738400651947,1.129437934096258,1.08,0.9934830288101066,1,1.0401536283185842,108,108 air · 72°F · roof closed · RHB,7,243,.378,,,,11.3,89.7,43.3,0.147,41.1
117,695681,Christian Moore,LAA,NYY,True,5,2B,R,projected,preview,Elmer Rodríguez,R,0.78,65% hard · 27% break,0.07222100806088928,0.07268197793638242,0.07357430256019404,2,0.3,thin,Short season sample; Starter sample thin; Weather not posted; Projected order,28.6% vs RHP last 10; 17.9% vs hard; 15.8% barrels last 10; 13.8% barrels,1.0537879686699534,1.1077169776133606,0.84,1.42,1,0.9963636363636366,84,84 air · 61° dew · RHB,1,55,.250,1,39,10,13.8,88.1,33.3,0.107,26.7
118,668800,Andrew Knizner,SF,ATL,False,7,C,R,official,preview,Bryce Elder,R,1.38,65% hard · 23% break,0.07202884262853021,0.07231780950106392,0.0733748082499599,2,0.5363600000000002,fair,Short season sample,21.4% pull air; 71.4% ideal AA; 115 air,1.0426809277928037,1.0450329058995922,1.15,0.9,1,1.22,115,115 air · 91°F · out RF 5 · 67° dew · RHB,1,26,.348,,,,5.3,86.4,26.3,0.114,31.6
119,641355,Cody Bellinger,NYY,LAA,False,2,LF,L,projected,preview,Walbert Ureña,R,0.54,52% hard · 15% break,0.07200851200533448,0.07220915329161426,0.07380957015948142,3,0.69588576,fair,Weather not posted; Projected order,85.7% ideal AA; 39.8% sweet; #2,0.9291807724195609,0.8217786284292659,0.84,1.001766633410579,1,1.1218669690098262,84,84 air · 61° dew · LHB,12,467,.415,1,41,10,6.3,88.8,36.3,0.142,41.8
120,650402,Gleyber Torres,DET,MIN,False,1,2B,R,official,preview,Taj Bradley,R,1.22,71% hard · 9% break,0.07191628546589099,0.07197861620698853,0.07371263555004381,3,0.97,stable,,101.6 last game; 74.1% ideal AA; Air starter; #1,0.8596249248688361,1.010106554863218,0.96,0.7678496598639457,1,1.1202673213149525,96,96 air · 86°F · out RF 6 · 60° dew · RHB,8,346,.383,0,42,10,6.9,86.2,32.6,0.124,24.5
121,543510,James McCann,AZ,PHI,True,7,C,R,projected,preview,Aaron Nola,R,2.01,50% hard · 34% break,0.07157248877181814,0.07177504093765297,0.07290113255372188,2,0.611069184,fair,Weather not posted; Projected order,4× 100+ last 3; Air starter,0.9951249162297897,1.1803950063378186,1.06,0.9516364188532558,1,1.1468907741251326,106,106 air · 68° dew · RHB,4,138,.434,,,,8.2,89.7,42.3,0.151,27.8
122,543760,Marcus Semien,NYM,TB,False,7,2B,R,official,preview,Ian Seymour,L,1.6,43% hard · 30% off,0.07086732935864329,0.07090232223279636,0.0726105829227508,3,0.97,stable,,22.2% pull air; 63.0% ideal AA; Air starter,0.9423696801853891,1.0434294908482133,1.02,0.8137306760204082,1,0.85696,102,102 air · 72°F · roof closed · RHB,14,456,.348,0,39,10,6.3,86.5,32.9,0.138,48.1
123,664761,Alec Bohm,PHI,AZ,False,4,1B,R,projected,preview,Brandon Pfaadt,R,1.03,54% hard · 29% break,0.07083811183631557,0.07094421059287592,0.07257989833132605,3,0.69588576,fair,Weather not posted; Projected order,101.7 last game; 16.7% K,0.9144636199805155,0.9512573358348961,1.06,0.9079113422223903,1,0.83625,106,106 air · 68° dew · RHB,14,534,.381,0,42,10,5.6,90.4,42.4,0.144,29.2
124,805805,Walker Jenkins,MIN,DET,True,9,CF,L,official,preview,Jackson Jobe,R,0.98,54% hard · 35% break,0.07014452547287678,0.07025049949608675,0.07141971955832416,2,0.3,thin,Short season sample; Starter sample thin; Starter outing length thin,16.7% vs RHP last 10; 105.4 last game; 37.5% pull air; 100% ideal AA,0.9333333333333332,1.024981674233789,0.98,1.2208148227196332,1,1.146184,98,98 air · 86°F · out RF 6 · 60° dew · LHB,0,10,.333,,,,12.5,85.2,37.5,0.156,62.5
125,669003,Garrett Mitchell,MIL,CHC,False,2,CF,L,projected,preview,Clay Holmes,R,0.48,61% hard · 25% break,0.06967266876339309,0.06968462541430898,0.07135646028023757,3,0.69588576,fair,Weather not posted; Projected order,103.2 last game; 62.5% ideal AA; 22.0% blast; 77.6 bat,1.0841072296110372,0.877063744765457,1.05,0.7868303189947659,1,0.8652000000000001,105,105 air · 71° dew · LHB,9,450,.410,,,,12,92.9,51.4,0.178,34.3
126,514888,Jose Altuve,HOU,CWS,True,4,2B,R,projected,preview,Anthony Kay,L,1.23,57% hard · 29% break,0.06929863123039932,0.06928037389509467,0.07096402642175925,3,0.69588576,fair,Weather not posted; Projected order,21.4% pull air; 67.9% ideal AA; 18.4% K,0.8395488877584665,1.0127101813155168,1.02,0.8401060179493485,1,0.9239525079365082,102,102 air · 74° dew · RHB,14,471,.397,1,41,10,4.8,85.4,32.8,0.105,42.7
127,701358,Cam Smith,HOU,CWS,True,8,RF,R,projected,preview,Anthony Kay,L,1.23,57% hard · 29% break,0.06896956148566563,0.06892472257002225,0.0702016286520144,2,0.69588576,fair,Weather not posted; Projected order,16.9% blast; 77.7 bat; 18.4% K; Platoon,1.1723606543752678,1.049715554240099,1.02,1.2985677801846998,1,0.78,102,102 air · 74° dew · RHB,17,479,.384,,,,11.1,89.3,44.5,0.186,38.5
128,663586,Austin Riley,ATL,SF,True,8,3B,R,official,preview,Anthony Molina,R,0.96,44% hard · 29% break,0.06870238068536533,0.06862209439071354,0.06992474829126438,2,0.61692,fair,No established starter,4S-FB 44%; tank last game; 43.8% pull air; 16.3% blast,1.1855789648797757,1,1.15,1.0288112075055282,1,0.8998912000000002,115,115 air · 91°F · out RF 5 · 67° dew · RHB,15,538,.361,0,38,10,12.1,91.4,45.1,0.181,39.4
129,643376,Danny Jansen,TEX,ATH,True,9,C,R,official,preview,Gage Jump,L,0.92,52% hard · 39% break,0.06845661912603006,0.06842878413243392,0.06967009982856043,2,0.97,stable,,trending +12.9 brl; 20% pull air; 20% barrels last 10; Platoon,0.9304903915471865,0.879215291323111,1.08,1.1656054421768707,1,1.22,108,108 air · 72°F · roof closed · RHB,5,163,.336,,,,7.1,87.1,31.6,0.124,56.1
130,694208,Moisés Ballesteros,LAA,NYY,True,4,C,L,projected,preview,Elmer Rodríguez,R,0.78,65% hard · 27% break,0.06820877506425407,0.06802961965429666,0.06981617401366458,2.981818181818184,0.44536688639999994,thin,Starter sample thin; Weather not posted; Projected order,15.2% K,0.9669339681266527,0.9324163421416605,0.84,0.8240782069970847,1,1.0568144499178982,84,84 air · 61° dew · LHB,6,268,.321,0,42,10,8.7,90.3,45.9,0.136,36.2
131,624424,Michael Conforto,CHC,MIL,True,8,DH,L,projected,preview,Kyle Harrison,L,1.22,60% hard · 31% break,0.06806518727657099,0.06794729486366735,0.0692645828872056,2,0.69588576,fair,Weather not posted; Projected order,4S-FB 58%; 106.3 last game; 46.7% pull air; 60% ideal AA,1.3132925355829355,1.0913638430184243,1.05,0.9,1,0.9169472000000002,105,105 air · 71° dew · LHB,12,245,.462,,,,11,90.5,42.1,0.193,46.2
132,666182,Bo Bichette,NYM,TB,False,2,3B,R,official,preview,Ian Seymour,L,1.6,43% hard · 30% off,0.06792757100304853,0.06788594797095071,0.06952643162201544,3,0.97,stable,,Air starter; #2,0.8815115280171366,1.0599281478598392,1.02,0.8756476109491416,1,0.78,102,102 air · 72°F · roof closed · RHB,14,580,.390,2,41,10,6.2,89.7,41.8,0.135,25.7
133,696285,Jacob Young,WSH,MIA,True,7,CF,R,official,preview,Ryan Gusto,R,1.14,54% hard · 32% break,0.0679231129845041,0.06788137376764225,0.06911741732906407,2,0.97,stable,,21.7% pull air; 60.9% ideal AA; 18.9% K; 111 air,0.8802370272837692,1.0206346636175998,1.11,1.0192068496352595,1,1.22,111,111 air · 86°F · cross LF 5 · 70° dew · RHB,10,414,.396,0,36,10,6.2,87.8,31.5,0.131,38.3
134,686765,Nick Sogard,BOS,SEA,True,5,2B,S,official,preview,George Kirby,R,1.04,53% hard · 39% break,0.06764953046148342,0.06760066114398056,0.06923507034014897,3,0.97,stable,,4S-FB 29%; trending +5.7 brl; 25% pull air; 64.3% ideal AA,0.7811588337567102,1.002836456904827,0.89,0.7599569938372062,1,1.22,89,89 air · 75°F · cross LF 8 · 59° dew · switch,3,180,.404,2,44,10,5,86.1,28.1,0.105,46.3
135,676724,Jared Young,NYM,TB,False,5,1B,L,official,preview,Ian Seymour,L,1.6,43% hard · 30% off,0.06741562292034771,0.06736065751055587,0.06899000130211441,3,0.97,stable,,20–30° last 5; 18.5% pull air; 66.7% ideal AA; Air starter,0.9835733745981949,1.0367047093242758,1.02,0.7,1,0.8826688,102,102 air · 72°F · roof closed · LHB,8,286,.442,0,38,10,7.2,89.7,44.2,0.152,40.4
136,665966,Carlos Narváez,BAL,COL,False,8,C,R,projected,preview,Tanner Gordon,R,1.83,46% hard · 31% break,0.06739288051760028,0.06722180690837165,0.06884341933377207,2.6000000000000014,0.6983999999999999,fair,Projected order,8.2% solid; Air starter; 18.9% K; 114 air,0.851732292720797,1.143870123149716,1.14,0.7242482299042066,1,1,114,114 air · 74°F · 2 mph · 54° dew · RHB,3,255,.234,,,,6.8,91,39,0.116,30.8
137,695720,Tommy White,ATH,TEX,False,5,1B,R,official,preview,Jacob deGrom,R,1.17,45% hard · 43% break,0.06635120932696507,0.06626850319762478,0.06748993205930742,2,0.97,stable,,trending +4.7 brl; 83.9% ideal AA; 12.9% barrels last 10,0.8410289730205004,1.0066484221256546,1.08,1.0685649891541555,1,1.22,108,108 air · 72°F · roof closed · RHB,2,151,.336,0,42,10,8.2,85.8,32,0.128,27
138,679529,Spencer Torkelson,DET,MIN,False,7,1B,R,official,preview,Taj Bradley,R,1.22,71% hard · 9% break,0.06618867344310328,0.06610173130776043,0.06732172718075335,2,0.97,stable,,80% ideal AA; 41.3% sweet; 12.3% barrels; Air starter,1.2586739333460857,0.9744290336146417,0.96,1.2549054469563,1,0.8034,96,96 air · 86°F · out RF 6 · 60° dew · RHB,20,521,.403,,,,12.3,89.3,41,0.18,46.1
139,666624,Christopher Morel,NYM,TB,False,6,LF,R,official,preview,Ian Seymour,L,1.6,43% hard · 30% off,0.06574973624375194,0.06551858977218306,0.06724580665781976,3,0.79056,stable,,76.1 bat; Air starter,0.6604021355542993,1.162033784842274,1.02,0.7842500000000001,1,1,102,102 air · 72°F · roof closed · RHB,0,86,.203,,,,2,87.8,40.8,0.049,53.1
140,656775,Cedric Mullins,TB,NYM,True,6,CF,L,official,preview,Robert Stock,R,0.87,78% hard · 12% break,0.06551091078637022,0.06515452080537498,0.06662048297430267,2,0.6580480000000001,fair,Starter sample thin,trending +6.9 brl; 109.7 last game; 88.9% ideal AA,0.8883526810281973,0.9879159438008498,1.02,1.0615182459124972,1,1.22,102,102 air · 72°F · roof closed · LHB,14,447,.355,,,,4.2,87.9,32.1,0.123,44.8
141,593428,Xander Bogaerts,SD,CIN,False,6,DH,R,official,preview,Brady Singer,R,1.7,59% hard · 41% break,0.06545032236764942,0.06534413734566946,0.06673246390001157,2.3687499999999986,0.97,stable,,104.2 last game; 62.5% ideal AA; Air starter; 18.3% K,0.8508093183122183,1.1245050732036175,1.24,0.8779630747946956,1,0.8548176000000002,124,124 air · 92°F · cross LF 7 · 71° dew · RHB,11,514,.321,0,36,10,6.2,89.1,41.2,0.13,43.7
142,670770,TJ Friedl,CIN,SD,True,8,CF,L,official,preview,Michael King,R,1.04,48% hard · 27% off,0.06495157361757917,0.0648323902185709,0.06604195869463525,2,0.97,stable,,16.7% vs RHP last 10; 10.4% vs hard; trending +9.5 brl; 102.9 last game,0.6653398410055091,1.0966389950874869,1.2,1.0764985723205562,1,1.22,120,120 air · 92°F · cross LF 7 · 71° dew · LHB,4,258,.256,,,,3,87.5,27.7,0.077,38.2
143,687605,Andrew Pinckney,WSH,MIA,True,9,RF,R,official,preview,Ryan Gusto,R,1.14,54% hard · 32% break,0.06362109177988566,0.06289947804853036,0.06466653186577243,2,0.5060000000000001,thin,Short season sample,100.8 last game; 50% sweet; 75 bat; 16.7% barrels,1.0750623230658722,1.0188386308103816,1.11,0.9,1,1,111,111 air · 86°F · cross LF 5 · 70° dew · RHB,1,21,.500,,,,16.7,94.8,58.3,0.179,25
144,703607,Henry Bolte,ATH,TEX,False,1,CF,R,official,preview,Jacob deGrom,R,1.17,45% hard · 43% break,0.06252285010891637,0.06234036938062426,0.0638731240243603,3,0.97,stable,,4S-FB 42%; 105.2 last game; 77 bat; #1,0.8033224333888255,1.0462721435185975,1.08,0.7278431414398057,1,0.8560000000000001,108,108 air · 72°F · roof closed · RHB,6,360,.373,0,47,10,6.7,90.9,47.7,0.112,32.3
145,699393,Pedro Ramírez,CHC,MIL,True,7,2B,S,projected,preview,Kyle Harrison,L,1.22,60% hard · 31% break,0.062062792794853744,0.06146003924325838,0.06305683386925742,2,0.69588576,fair,Weather not posted; Projected order,4S-FB 58%; trending +5.1 brl; 31.3% pull air; 56.3% ideal AA,0.7975902145818883,1.0491116161853453,1.05,0.9828176641443094,1,1.22,105,105 air · 71° dew · switch,4,191,.436,2,42,10,4.3,89.2,41.8,0.103,41.8
146,681198,TJ Rumfield,COL,BAL,True,4,1B,L,projected,preview,Cade Povich,L,1.59,54% hard · 35% break,0.062003783319162925,0.061277488502480826,0.06333132779385608,3,0.62185536,fair,Projected order,20.8% pull air; 17.5% K; 114 air,0.8010439756151075,1.0035602895567717,1.14,0.7,1,0.85696,114,114 air · 74°F · 2 mph · 54° dew · LHB,13,539,.437,0,42,10,4.3,84.1,27.7,0.119,41.4
147,669134,Luis Campusano,SD,CIN,False,8,C,R,official,preview,Brady Singer,R,1.7,59% hard · 41% break,0.06168959455022263,0.061485397537105135,0.06267152454749958,2,0.97,stable,,Sinker 50%; 39.8% sweet; Air starter; 18.3% K,1.0421303793120706,1.27223767274462,1.24,0.8220734304138322,1,0.78,124,124 air · 92°F · cross LF 7 · 71° dew · RHB,5,172,.459,,,,9.3,87.9,41.7,0.147,39.8
148,681082,Bryson Stott,PHI,AZ,False,7,2B,L,projected,preview,Brandon Pfaadt,R,1.03,54% hard · 29% break,0.061129316889065866,0.060451159064725646,0.062419021145502795,3,0.69588576,fair,Weather not posted; Projected order,103.4 last game; 19.0% pull air; 76.2% ideal AA; 16.7% K,0.8177758184391476,0.949242665800645,1.06,0.7260779683238936,1,0.8998080000000002,106,106 air · 68° dew · LHB,9,514,.404,0,37,10,5.7,89.2,38.2,0.129,37.1
149,690022,Ryan Ritter,COL,BAL,True,9,SS,R,projected,preview,Cade Povich,L,1.59,54% hard · 35% break,0.060973598609683245,0.0595244166273311,0.061932507480385146,2,0.30602880000000005,thin,Short season sample; Projected order,8.3% solid; 17.5% K; 114 air; Platoon,0.880503144654088,1.119092753164264,1.14,1.08,1,0.8240000000000001,114,114 air · 74°F · 2 mph · 54° dew · RHB,0,19,.176,,,,0,89.2,33.3,0.064,25
150,680574,Matt McLain,CIN,SD,True,7,SS,R,official,preview,Michael King,R,1.04,48% hard · 27% off,0.06069595683644002,0.06046586366291817,0.06164601461594743,2,0.97,stable,,104.5 last game; 56.5% ideal AA; 124 air,1.0882809047619788,0.963671236896255,1.24,0.9116108885307932,1,0.8652000000000001,124,124 air · 92°F · cross LF 7 · 71° dew · RHB,13,423,.341,2,43,10,9.8,88.2,36.6,0.158,37.4
151,662139,Daulton Varsho,HOU,CWS,True,6,CF,L,projected,preview,Anthony Kay,L,1.23,57% hard · 29% break,0.06036675296518203,0.05962699678812011,0.06145841830828939,2.380645161290321,0.69588576,fair,Weather not posted; Projected order,trending +4.4 brl; 60.7% ideal AA; 18.4% K,0.8346969300147112,1.0056773643858203,1.06,0.7,1,1.22,106,106 air · 74° dew · LHB,10,462,.363,2,43,10,6.3,86.8,37.8,0.122,36.9
152,663757,Trent Grisham,NYY,LAA,False,6,CF,L,projected,preview,Walbert Ureña,R,0.54,52% hard · 15% break,0.06032813013086797,0.05958525408031523,0.061266526962376,2,0.69588576,fair,Weather not posted; Projected order,Changeup 33%; 79.2% ideal AA; 18.4% blast; 11.3% solid,1.2463729384584137,0.934686438703095,0.84,1.0971630469778098,1,0.9326423200859291,84,84 air · 61° dew · LHB,18,472,.400,1,43,10,9.8,90.6,45.4,0.187,44.8
153,805999,A.J. Ewing,NYM,TB,False,8,CF,L,official,preview,Ian Seymour,L,1.6,43% hard · 30% off,0.060241785334658904,0.05999985555520104,0.06149366307180837,3,0.97,stable,,104.3 last game; Air starter,0.8575252845416554,1.035302112698313,1.02,0.7348077597498628,1,0.798,102,102 air · 72°F · roof closed · LHB,7,396,.350,0,42,10,7.1,89.3,42.1,0.139,31.1
154,801501,Nate Furman,SF,ATL,False,8,2B,L,official,preview,Bryce Elder,R,1.38,65% hard · 23% break,0.059758375697774424,0.05856460791104412,0.060678856607575105,2,0.5060000000000001,thin,Short season sample,120 air,0.8749999999999999,1.0457356565250544,1.2,0.8865000000000001,1,1,120,120 air · 91°F · out RF 5 · 67° dew · LHB,0,20,.063,,,,0,84,25,0.032,41.7
155,642350,Jose Siri,LAA,NYY,True,7,CF,R,projected,preview,Elmer Rodríguez,R,0.78,65% hard · 27% break,0.05967873344157852,0.058338219123758916,0.060596724187131246,2,0.44536688639999994,thin,Starter sample thin; Weather not posted; Projected order,14.3% vs RHP last 10; Sinker 45%; 13.4% barrels; 8.8% solid,1.3108029718335006,1.0361410508652011,0.84,1.0597657805120668,1,0.8,84,84 air · 61° dew · RHB,7,188,.402,,,,13.4,89,41.1,0.215,41.6
156,673237,Yainer Diaz,HOU,CWS,True,7,C,R,projected,preview,Anthony Kay,L,1.23,57% hard · 29% break,0.05967517567783593,0.05887955530323463,0.06059305526440473,2,0.69588576,fair,Weather not posted; Projected order,trending +5.0 brl; 73.7% ideal AA; 18.4% K,0.9378995693918329,1.0322787158723776,1.02,0.8150631458690346,1,1.22,102,102 air · 74° dew · RHB,10,274,.419,,,,5.5,88,35.6,0.131,37.4
157,670623,Isaac Paredes,HOU,CWS,True,3,DH,R,projected,preview,Anthony Kay,L,1.23,57% hard · 29% break,0.059243943552744496,0.058413489129856444,0.06045398883506259,3,0.69588576,fair,Weather not posted; Projected order,20% pull air; 18.4% K; #3,0.8902115180474661,0.9607674111848501,1.02,0.7,1,0.8320000000000001,102,102 air · 74° dew · RHB,17,553,.417,1,44,10,5,85.9,28,0.121,49.5
158,660688,Keibert Ruiz,WSH,MIA,True,8,C,S,official,preview,Ryan Gusto,R,1.14,54% hard · 32% break,0.059091220557639226,0.058819304788712556,0.059990949049607334,2,0.97,stable,,55% pull air; 65% ideal AA; 18.9% K; 110 air,0.9115327140638634,0.9864338256120392,1.1,0.8917952591433287,1,1.11142027534418,110,110 air · 86°F · cross LF 5 · 70° dew · switch,9,310,.450,2,37,10,4.7,88.2,36.4,0.119,60.1
159,640459,Brian Navarreto,MIA,WSH,False,9,C,R,official,preview,Will Dion,L,1.57,55% hard · 20% break,0.058890378611145267,0.05760073948140687,0.05978390751044982,2,0.5102460000000001,thin,Short season sample,111 air; Platoon,0.8428628074746698,0.9375303286653509,1.11,1.08,1,1,111,111 air · 86°F · cross LF 5 · 70° dew · RHB,1,45,.216,,,,7.7,84.9,19.2,0.063,53.8
160,605137,Josh Bell,MIN,DET,True,5,DH,S,official,preview,Jackson Jobe,R,0.98,54% hard · 35% break,0.058534484256430784,0.057402302799861915,0.05941708165451565,2,0.5922432000000001,fair,Starter sample thin; Starter outing length thin,105.4 last game; 76.9% ideal AA; 18.8% K,1.1059607133486828,1.0471476716274708,0.96,0.960960295350362,1,0.8816800000000001,96,96 air · 86°F · out RF 6 · 60° dew · switch,17,533,.421,1,42,10,9.5,89.7,41.3,0.184,41.5
161,701350,Roman Anthony,BOS,SEA,True,1,DH,L,official,preview,George Kirby,R,1.04,53% hard · 39% break,0.057671029725629416,0.05718950514197507,0.058816625617259755,3,0.89424,stable,,109 last game; 41.3% sweet; 75.6 bat; 92.3 EV,0.9323092122431531,0.9479784391089889,0.87,0.7597018140589569,1,0.84,87,87 air · 75°F · cross LF 8 · 59° dew · LHB,1,134,.336,0,41,10,8.9,92.3,47.5,0.148,37.5
162,641680,Jonah Heim,ATH,TEX,False,8,C,S,official,preview,Jacob deGrom,R,1.17,45% hard · 43% break,0.057258447070109436,0.056938765605940356,0.058102419868760746,2,0.97,stable,,61.1% ideal AA; 110 air,1.0231328414908256,0.989295767533781,1.1,0.8498218831390426,1,0.982408775362319,110,110 air · 72°F · roof closed · switch,12,319,.386,,,,6.9,87.8,32.9,0.145,40.6
163,672695,Geraldo Perdomo,AZ,PHI,True,3,SS,S,projected,preview,Aaron Nola,R,2.01,50% hard · 34% break,0.05693398875144375,0.05591694090843036,0.05805001162146839,3,0.69588576,fair,Weather not posted; Projected order,103 last game; Air starter; #3,0.6495555709175396,1.1002727550773745,1.06,0.743061307458966,1,0.8400000000000001,106,106 air · 68° dew · switch,9,575,.374,0,42,10,2.9,87.4,30.5,0.091,44.4
164,573262,Mike Yastrzemski,ATL,SF,True,9,LF,L,official,preview,Anthony Molina,R,0.96,44% hard · 29% break,0.05692232376511589,0.05569183390732013,0.05775627045946252,2,0.61692,fair,No established starter,4S-FB 44%; 105.1 last game; 76.9% ideal AA; 10% solid,0.9971293713328158,1,1.2,0.8497451438747246,1,0.8816800000000001,120,120 air · 91°F · out RF 5 · 67° dew · LHB,9,342,.374,,,,6.8,90.7,43.6,0.131,47.7
165,643289,Mauricio Dubón,ATL,SF,True,4,SS,R,official,preview,Anthony Molina,R,0.96,44% hard · 29% break,0.05668814158323465,0.055434786200947106,0.05779438892395716,3,0.61692,fair,No established starter,20–30° last 5; 8.6% K; 115 air,0.720800185889279,1,1.15,0.7,1,0.8034,115,115 air · 91°F · out RF 5 · 67° dew · RHB,10,524,.390,0,40,10,3.8,86.6,29.9,0.108,30.5
166,665804,Miguel Amaya,CHC,MIL,True,9,C,R,projected,preview,Kyle Harrison,L,1.22,60% hard · 31% break,0.05631595151343864,0.05513874232906879,0.057131966924607314,2,0.656496,fair,Weather not posted; Projected order,4S-FB 58%,0.9261247264072776,1.0655104209639474,1.05,0.851184067015236,1,1,105,105 air · 71° dew · RHB,5,218,.358,,,,6.9,87.6,35.1,0.117,35.9
167,683227,Cody Freeman,TEX,ATH,True,8,3B,R,official,preview,Gage Jump,L,0.92,52% hard · 39% break,0.05615150269883465,0.05488254784180446,0.05696268970339591,2,0.6296400000000001,fair,Short season sample,19.2% pull air; 76.9% ideal AA; Platoon,0.6681929021031774,0.9181940727590169,1.08,1.0827071080961086,1,1.22,108,108 air · 72°F · roof closed · RHB,1,65,.393,,,,2.1,82.8,18.8,0.06,41.7
168,814439,Ryan Waldschmidt,AZ,PHI,True,9,CF,R,projected,preview,Aaron Nola,R,2.01,50% hard · 34% break,0.05583286972040527,0.05472687573617263,0.056634743256333,2,0.69588576,fair,Weather not posted; Projected order,23.5% pull air; 47.7% sweet; Air starter,0.8495218062569746,1.088616898735821,1.06,0.9014998643567839,1,0.9858064516129033,106,106 air · 68° dew · RHB,3,249,.385,,,,6.5,87.4,31,0.125,37.4
169,668904,Royce Lewis,MIN,DET,True,7,1B,R,official,preview,Jackson Jobe,R,0.98,54% hard · 35% break,0.055128976123892545,0.05364596709655878,0.05591047132483373,2,0.5922432000000001,fair,Starter sample thin; Starter outing length thin,107.2 last game; 23.3% pull air; 76.7% ideal AA; 75.2 bat,1.1446383591043388,1.0193308012904176,0.96,0.8209995688416212,1,0.9169472000000002,96,96 air · 86°F · out RF 6 · 60° dew · RHB,13,415,.396,0,38,10,10.9,89.8,40.6,0.164,47.8
170,682663,Agustín Ramírez,MIA,WSH,False,3,DH,R,official,preview,Will Dion,L,1.57,55% hard · 20% break,0.05487759879596557,0.054251081346591956,0.055913220776439454,3,0.8832238,stable,,111.6 last game; 75.7 bat; 111 air; #3,0.6721422930980762,0.9339010756623192,1.11,0.7543548359666448,1,0.8560000000000001,111,111 air · 86°F · cross LF 5 · 70° dew · RHB,2,189,.331,,,,3.3,89.3,39.7,0.072,42.1
171,630105,Jake Cronenworth,SD,CIN,False,2,2B,L,official,preview,Brady Singer,R,1.7,59% hard · 41% break,0.05467385202733831,0.05428681091399379,0.05570167672397652,3,0.97,stable,,Air starter; 18.3% K; 120 air; #2,0.6397949468014014,1.0744586763220585,1.2,0.7,1,0.78,120,120 air · 92°F · cross LF 7 · 71° dew · LHB,4,331,.300,0,43,10,3.2,87.2,29.8,0.086,29.8
172,687859,Troy Johnston,COL,BAL,True,7,RF,L,projected,preview,Cade Povich,L,1.59,54% hard · 35% break,0.054431009383411916,0.052973407035998954,0.055192564168279334,2,0.62185536,fair,Projected order,trending +3.9 brl; 100.3 last game; 40.7% sweet; 17.5% K,0.6807586417749978,1.0210203869638346,1.14,0.8544557823129251,1,1.22,114,114 air · 74°F · 2 mph · 54° dew · LHB,4,398,.405,,,,2.4,89.6,37.2,0.106,38.3
173,803011,Sam Antonacci,CWS,HOU,False,1,2B,L,projected,preview,Peter Lambert,R,0.91,51% hard · 25% break,0.05427841314307001,0.05304685333865855,0.05529119132709215,3,0.69588576,fair,Weather not posted; Projected order,#1,0.7635809759724522,0.8906023262022698,1.06,0.7712191878647194,1,0.78,106,106 air · 74° dew · LHB,8,463,.394,0,38,10,5.2,87.3,32.6,0.117,32.8
174,645277,Ozzie Albies,ATL,SF,True,6,2B,S,official,preview,Anthony Molina,R,0.96,44% hard · 29% break,0.053726218427592065,0.052183661168739515,0.05446790664105672,2,0.61692,fair,No established starter,33.3% pull air; 70.4% ideal AA; 8.6% K; 117 air,0.907393717537989,1,1.17,0.8858784130033432,1,0.85696,117,117 air · 91°F · out RF 5 · 67° dew · switch,20,584,.413,0,42,10,4,86.9,27.7,0.124,45.6
175,678882,Ceddanne Rafaela,BOS,SEA,True,3,CF,R,official,preview,George Kirby,R,1.04,53% hard · 39% break,0.0536079835302167,0.0531931637796601,0.05459551313307898,3,0.97,stable,,58.8% ideal AA; #3,0.8529505680660663,0.9065700998484896,0.89,0.7878347231365666,1,0.8034,89,89 air · 75°F · cross LF 8 · 59° dew · RHB,16,558,.446,0,45,10,5.3,86.3,31.7,0.11,33.8
176,676609,José Caballero,NYY,LAA,False,7,SS,R,projected,preview,Walbert Ureña,R,0.54,52% hard · 15% break,0.052555671980209176,0.051184952671296635,0.05326496099773159,2,0.69588576,fair,Weather not posted; Projected order,tank last game; 20.7% pull air; 62.1% ideal AA; Platoon,0.8396960545208882,0.823990480270879,0.84,1.1013238089098216,1,1.22,84,84 air · 61° dew · RHB,13,402,.381,1,36,10,4.3,83.9,26,0.113,43.5
177,691594,Javier Sanoja,MIA,WSH,False,4,2B,R,official,preview,Will Dion,L,1.57,55% hard · 20% break,0.052458146009654226,0.05172813814673849,0.05340313694210619,3,0.8832238,stable,,111 air,0.6307889267463875,0.9482625425856103,1.11,0.8034010932944606,1,0.78,111,111 air · 86°F · cross LF 5 · 70° dew · RHB,6,384,.417,1,39,10,2.1,86.8,30.3,0.074,38.5
178,643446,Jeff McNeil,ATH,TEX,False,2,2B,L,official,preview,Jacob deGrom,R,1.17,45% hard · 43% break,0.05223891272337876,0.05178841228485409,0.053175902547440757,3,0.97,stable,,103.7 last game; 111 air; #2,0.6257456512932792,0.9758187035143145,1.11,0.7321900203559686,1,0.8400000000000001,111,111 air · 72°F · roof closed · LHB,6,423,.362,0,44,10,1.7,86.6,30.3,0.09,41
179,702332,Caleb Durbin,BOS,SEA,True,6,3B,R,official,preview,George Kirby,R,1.04,53% hard · 39% break,0.051483124338479916,0.05101292656261025,0.05239279954121834,3,0.97,stable,,103.9 last game; 72% ideal AA,0.7179520307254332,0.9566651199884073,0.89,0.7689076849489797,1,0.8652000000000001,89,89 air · 75°F · cross LF 8 · 59° dew · RHB,12,494,.389,0,36,10,2.7,83.6,25.9,0.083,39.7
180,666126,Carlos Cortes,ATH,TEX,False,7,LF,L,official,preview,Jacob deGrom,R,1.17,45% hard · 43% break,0.05143579769027219,0.05096436648852065,0.052114785404717034,2,0.97,stable,,101.9 last game; 111 air,0.8895993074379291,0.9502809011747546,1.11,0.9032226849136556,1,0.9148897058823529,111,111 air · 72°F · roof closed · LHB,8,323,.399,1,35,10,6.4,89,36.7,0.129,29.8
181,663616,Trevor Larnach,MIN,DET,True,6,LF,L,official,preview,Jackson Jobe,R,0.98,54% hard · 35% break,0.05136111412843275,0.049489948673511974,0.052038105227345754,2,0.5922432000000001,fair,Starter sample thin; Starter outing length thin,101.8 last game; 25% pull air; 18.8% K,0.9760838788362636,0.9859469623321503,0.98,0.9237893511426738,1,0.8483225437201908,98,98 air · 86°F · out RF 6 · 60° dew · LHB,11,400,.424,,,,7.4,87.6,37.2,0.139,43.9
182,823550,Sung-Mun Song,SD,CIN,False,9,SS,L,official,preview,Brady Singer,R,1.7,59% hard · 41% break,0.050713867401538035,0.049981353373890536,0.05137368118106145,2,0.90288,stable,,103.7 last game; Air starter; 18.3% K; 120 air,0.7021401417667436,1.2120579580686461,1.2,0.7355,1,1,120,120 air · 92°F · cross LF 7 · 71° dew · LHB,1,138,.259,,,,4.2,87.2,26.3,0.088,38.9
183,686217,Sal Frelick,MIL,CHC,False,7,RF,L,projected,preview,Clay Holmes,R,0.48,61% hard · 25% break,0.05024709902801838,0.0486898979219228,0.050894665779212866,2,0.69588576,fair,Weather not posted; Projected order,16.7% vs RHP last 10; 9.3% vs hard; trending +6.8 brl; 18.2% K,0.6070897336458035,0.9277240150169905,1.05,1.031339822719633,1,1.1799840000000001,105,105 air · 71° dew · LHB,4,330,.338,,,,2.3,86,28.2,0.08,38.8
184,642215,Weston Wilson,SEA,BOS,False,8,3B,R,official,preview,Payton Tolle,L,1.01,87% hard · 9% break,0.049379008149606794,0.0485436627291318,0.05000411092700685,2,0.88992,stable,,101.7 last game; 8% solid; Platoon,0.9331246719383344,0.9205018551616668,0.89,1.115248649459784,1,0.8400000000000001,89,89 air · 75°F · cross LF 8 · 59° dew · RHB,4,132,.333,,,,5.4,85.2,34.7,0.104,45.3
185,691011,Drew Romo,CWS,HOU,False,9,C,S,projected,preview,Peter Lambert,R,0.91,51% hard · 25% break,0.049106486084801226,0.047457148600108856,0.0497246205571904,2,0.69588576,fair,Weather not posted; Projected order,100.4 last game; 58.3% ideal AA,0.9252787758193572,0.9047048523029289,1.04,0.9162674786816134,1,0.8652000000000001,104,104 air · 74° dew · switch,7,196,.295,,,,6.2,84.4,26.2,0.107,37.7
186,666139,Josh Lowe,LAA,NYY,True,6,RF,L,projected,preview,Elmer Rodríguez,R,0.78,65% hard · 27% break,0.0488935140013422,0.046084599970575124,0.04950623072140248,2,0.44536688639999994,thin,Starter sample thin; Weather not posted; Projected order,20% pull air; 15.2% K,1.044363764240996,0.9187703737124959,0.84,0.9810323923297544,1,0.8320000000000001,84,84 air · 61° dew · LHB,10,283,.354,,,,7.7,88.7,37,0.162,35.4
187,678391,Jorbit Vivas,WSH,MIA,True,6,2B,L,official,preview,Ryan Gusto,R,1.14,54% hard · 32% break,0.0488602873498696,0.048321733264220845,0.04947216102909158,2,0.97,stable,,trending +4.2 brl; 101.2 last game; 18.9% K,0.608685471168842,0.9746072597659962,1.08,0.9093877534678465,1,1.22,108,108 air · 86°F · cross LF 5 · 70° dew · LHB,3,307,.327,0,36,10,3.5,82.7,22.1,0.079,39.4
188,669397,Nick Allen,HOU,CWS,True,9,3B,R,projected,preview,Anthony Kay,L,1.23,57% hard · 29% break,0.04850661550793739,0.04646106339594036,0.049109552545748336,2,0.618378624,fair,Weather not posted; Projected order,103.6 last game; 18.4% K,0.6377999802116456,1.0174678540073734,1.02,1.007178814382896,1,1,102,102 air · 74° dew · RHB,2,143,.362,,,,1.9,86.2,28.8,0.057,38.5
189,676356,Jonny DeLuca,TB,NYM,True,7,RF,R,official,preview,Robert Stock,R,0.87,78% hard · 12% break,0.04823827602977078,0.04634820545539586,0.04883447757989612,2,0.6580480000000001,fair,Starter sample thin,25% pull air; 71.4% ideal AA,0.8461287513037024,0.976846869029869,1.02,0.9191030868099452,1,0.85696,102,102 air · 72°F · roof closed · RHB,9,292,.435,1,40,10,3.6,85.7,29.4,0.104,45.2
190,686668,Brenton Doyle,CWS,HOU,False,8,CF,R,projected,preview,Peter Lambert,R,0.91,51% hard · 25% break,0.04786138958514587,0.04611147575405661,0.048448196521697184,2,0.69588576,fair,Weather not posted; Projected order,trending +10.3 brl; 25% pull air; 66.7% ideal AA; 16.7% barrels last 10,0.780831080037868,0.9681504808106953,1.02,0.7,1,1.22,102,102 air · 74° dew · RHB,3,180,.305,,,,6.4,88,32.1,0.085,35.7
191,687401,Joey Ortiz,MIL,CHC,False,9,SS,R,projected,preview,Clay Holmes,R,0.48,61% hard · 25% break,0.04669842655784977,0.04485457095412482,0.04725672609823062,2,0.69588576,fair,Weather not posted; Projected order,112.2 last game; 4× 100+ last 3; 59.1% ideal AA; 18.2% K,0.7751098057324268,0.8877321445748598,1.05,0.7523027210884354,1,1.1580955858585862,105,105 air · 71° dew · RHB,7,344,.382,1,36,10,4.4,88.6,36.5,0.104,32.5
192,647304,Josh Naylor,SEA,BOS,False,5,1B,L,official,preview,Payton Tolle,L,1.01,87% hard · 9% break,0.04593518823296236,0.045320400289762364,0.04664724594987001,2.921428571428571,0.97,stable,,102.4 last game,0.7597308972844697,0.9095870738979206,0.87,0.709759729998194,1,0.8190000000000001,87,87 air · 75°F · cross LF 8 · 59° dew · LHB,10,542,.366,0,41,10,4.5,87.3,36.2,0.114,42
193,687957,Dustin Harris,SD,CIN,False,7,LF,L,official,preview,Brady Singer,R,1.7,59% hard · 41% break,0.0458816772396402,0.0436382363785055,0.04642039040088286,2,0.6296400000000001,fair,Short season sample,100.2 last game; 33.3% pull air; 58.3% ideal AA; 44% sweet,0.7483903093712551,1.06398767274462,1.2,0.7,1,0.8998080000000002,120,120 air · 92°F · cross LF 7 · 71° dew · LHB,0,65,.364,,,,0,84.8,18,0.076,60
194,685133,Wade Meckler,LAA,NYY,True,1,LF,L,projected,preview,Elmer Rodríguez,R,0.78,65% hard · 27% break,0.045431645095545065,0.04200954589863104,0.04613756594896912,3,0.42015743999999994,thin,Starter sample thin; Weather not posted; Projected order,66.7% ideal AA; 15.2% K; #1,0.6819477896208417,0.8816169776133604,0.84,0.7108816754946254,1,0.8240000000000001,84,84 air · 61° dew · LHB,3,242,.381,0,41,10,3,86.7,31.9,0.099,33.7
195,656716,Zach McKinstry,DET,MIN,False,6,RF,L,official,preview,Taj Bradley,R,1.22,71% hard · 9% break,0.04433709487247539,0.0436806574614359,0.044993465893965044,2.8687499999999986,0.97,stable,,38% sweet; Air starter,0.6286978541193111,0.9817601475813049,0.98,0.7,1,0.8,98,98 air · 86°F · out RF 6 · 60° dew · LHB,4,373,.314,,,,2.2,85.7,22.3,0.083,39.4
196,665862,Jazz Chisholm Jr.,NYY,LAA,False,8,2B,L,projected,preview,Walbert Ureña,R,0.54,52% hard · 15% break,0.043862829635087724,0.04178992031671125,0.04435466368268881,2,0.69588576,fair,Weather not posted; Projected order,75% ideal AA,1.1252451969396082,0.7898615333375762,0.84,0.9350496129780235,1,0.8034,84,84 air · 61° dew · LHB,18,497,.400,,,,8.8,90.8,42.2,0.156,51.7
197,596115,Trevor Story,BOS,SEA,True,8,SS,R,official,preview,George Kirby,R,1.04,53% hard · 39% break,0.0437183208665965,0.043045756983415284,0.04420688299257636,2,0.97,stable,,8.9% solid,0.782938929373036,0.9479784391089889,0.89,0.8540635286372613,1,1.043288820849411,89,89 air · 75°F · cross LF 8 · 59° dew · RHB,3,179,.315,1,40,10,3.6,89,42,0.098,45.5
198,695490,Edwin Arroyo,CIN,SD,True,9,2B,S,official,preview,Michael King,R,1.04,48% hard · 27% off,0.04253623541657399,0.041586841636906846,0.04299845213814302,2,0.92232,stable,,43.4% sweet; 123 air,0.6269657095716857,1.0021056789941278,1.23,0.72,1,1,123,123 air · 92°F · cross LF 7 · 71° dew · switch,0,147,.272,,,,2.9,87.6,26.4,0.082,41.5
199,545121,Ildemaro Vargas,AZ,PHI,True,8,2B,S,projected,preview,Aaron Nola,R,2.01,50% hard · 34% break,0.041002295421008195,0.038698318004636856,0.041431436401582866,2,0.69588576,fair,Weather not posted; Projected order,22.9% pull air; Air starter,0.7317731767197437,1.1409662900760666,1.06,0.7,1,0.79872,106,106 air · 68° dew · switch,9,432,.390,0,41,10,3.3,87.4,35.4,0.098,39.9
200,702284,Cole Young,SEA,BOS,False,7,2B,L,official,preview,Payton Tolle,L,1.01,87% hard · 9% break,0.040449602242757995,0.039691849099320775,0.04086713288022037,2,0.97,stable,,65.2% ideal AA,0.8986710552464382,0.8600111700329274,0.87,0.7509383318544809,1,1.0213051178838413,87,87 air · 75°F · cross LF 8 · 59° dew · LHB,16,545,.387,1,40,10,4.7,88.4,37.7,0.129,42.4
201,672724,Oswald Peraza,LAA,NYY,True,8,SS,R,projected,preview,Elmer Rodríguez,R,0.78,65% hard · 27% break,0.04039250683712582,0.03625466333849925,0.04080884734248125,2,0.42015743999999994,thin,Starter sample thin; Weather not posted; Projected order,15.2% K,0.8295621880639532,0.8868619488984266,0.84,0.72,1,1,84,84 air · 61° dew · RHB,7,333,.347,,,,6.7,87.3,36.7,0.113,34.8
202,663538,Nico Hoerner,CHC,MIL,True,6,SS,R,projected,preview,Kyle Harrison,L,1.22,60% hard · 31% break,0.03951441378579425,0.03709024833678265,0.03991266907394575,2,0.69588576,fair,Weather not posted; Projected order,,0.5893025874623222,0.9034066465216841,1.05,0.7127446045084701,1,1.159,105,105 air · 71° dew · RHB,7,588,.356,0,42,10,1.2,85.9,28.2,0.076,30.7
203,703601,Max Clark,DET,MIN,False,8,CF,L,official,preview,Taj Bradley,R,1.22,71% hard · 9% break,0.03948049629872735,0.03818521487990956,0.039878061240808726,2,0.8814960000000002,stable,,20–30° last 5; 27.3% pull air; 38.7% sweet; 8% solid,0.8032689758394179,0.9514416871082033,0.98,0.7543548359666448,1,0.85696,98,98 air · 86°F · out RF 6 · 60° dew · LHB,2,105,.411,,,,1.3,86.5,38.7,0.094,36
204,687231,Darell Hernaiz,ATH,TEX,False,9,SS,R,official,preview,Jacob deGrom,R,1.17,45% hard · 43% break,0.03937971045122911,0.038381948110299824,0.03977522763457464,2,0.9331200000000001,stable,,103.9 last game,0.6156835877459057,1.0198275909173198,1.08,0.72,1,1,108,108 air · 72°F · roof closed · RHB,1,152,.286,,,,0.9,85.1,27.8,0.053,26.9
205,805300,Jakob Marsee,MIA,WSH,False,7,CF,L,official,preview,Will Dion,L,1.57,55% hard · 20% break,0.03892877667704403,0.03762005943194169,0.0393151978729922,2,0.8832238,stable,,100.1 last game; 25% pull air,0.6823080777821847,1.0195521242163377,1.08,0.72,1,0.8736000000000002,108,108 air · 86°F · cross LF 5 · 70° dew · LHB,8,518,.321,1,40,10,3.4,87.2,34.8,0.094,41.8
206,683766,Christian Koss,SF,ATL,False,9,SS,R,official,preview,Bryce Elder,R,1.38,65% hard · 23% break,0.03857029384972924,0.03757910274260545,0.03894956092376778,2,0.9387360000000001,stable,,115 air,0.6933546316552615,1.0164232141298217,1.15,0.7,1,0.8315005649717515,115,115 air · 91°F · out RF 5 · 67° dew · RHB,1,130,.267,1,36,10,5.9,85.5,29.9,0.074,43.7
207,694203,Denzer Guzman,LAA,NYY,True,9,3B,R,projected,preview,Elmer Rodríguez,R,0.78,65% hard · 27% break,0.03841759168031085,0.034182388512423945,0.03879383203122777,2,0.44536688639999994,thin,Starter sample thin; Weather not posted; Projected order,15.2% K,0.8421228845214276,0.9251079128123734,0.84,0.7,1,0.8826135960591133,84,84 air · 61° dew · RHB,6,227,.341,,,,5.8,86.4,33.1,0.101,42.2
208,677870,Leo Jiménez,MIA,WSH,False,6,3B,R,official,preview,Will Dion,L,1.57,55% hard · 20% break,0.038059799343338085,0.03671391219596165,0.03842899628215135,2,0.8832238,stable,,111 air,0.710721047027087,0.9219115786653509,1.11,0.8005912116197831,1,0.78,111,111 air · 86°F · cross LF 5 · 70° dew · RHB,2,190,.265,,,,4,89.9,40.2,0.097,34.6
209,621493,Taylor Ward,SEA,BOS,False,6,RF,R,official,preview,Payton Tolle,L,1.01,87% hard · 9% break,0.037584935965452676,0.03675252396356732,0.03794488962766662,2,0.97,stable,,103.1 last game; 28.6% pull air; 71.4% ideal AA,0.7464082917188939,0.9536890445282421,0.89,0.7980626606198036,1,0.8998080000000002,89,89 air · 75°F · cross LF 8 · 59° dew · RHB,7,577,.320,0,39,10,5.4,89,38.4,0.124,32.4
210,680700,Richie Palacios,TB,NYM,True,8,2B,L,official,preview,Robert Stock,R,0.87,78% hard · 12% break,0.0368519594213585,0.03395086921630874,0.03719787999030166,2,0.6580480000000001,fair,Starter sample thin,60% ideal AA,0.6687237360269507,0.9734911417361367,1.02,0.7308151997056134,1,0.8240000000000001,102,102 air · 72°F · roof closed · LHB,5,334,.333,,,,3.5,86,27.3,0.086,37.2
211,657136,Connor Wong,BOS,SEA,True,9,C,R,official,preview,George Kirby,R,1.04,53% hard · 39% break,0.035729265183559414,0.03484849073773799,0.03605424228015863,2,0.97,stable,,4S-FB 29%; 58.3% ideal AA,0.8007795241785416,1.0149064209999168,0.89,0.7,1,0.8240000000000001,89,89 air · 75°F · cross LF 8 · 59° dew · RHB,4,210,.372,2,37,10,5.1,86.3,37,0.12,42
212,641487,J.P. Crawford,SEA,BOS,False,9,SS,L,official,preview,Payton Tolle,L,1.01,87% hard · 9% break,0.03476343216875915,0.03385748620787932,0.03507092460695582,2,0.97,stable,,,0.880129368556091,0.9257094923583497,0.87,0.72,1,0.78,87,87 air · 75°F · cross LF 8 · 59° dew · LHB,10,381,.334,,,,6.2,87.8,35.7,0.121,35.7
213,666152,David Hamilton,MIL,CHC,False,8,3B,L,projected,preview,Clay Holmes,R,0.48,61% hard · 25% break,0.03470638846169282,0.0318938405695407,0.035012863616347145,2,0.69588576,fair,Weather not posted; Projected order,Sinker 51%; 18.2% pull air; 18.2% K,0.6477000825313047,0.9119666091881597,1.05,0.7,1,0.8320000000000001,105,105 air · 71° dew · LHB,4,335,.333,,,,3.5,86.9,27.7,0.088,32.8
214,645305,Ali Sánchez,NYY,LAA,False,9,C,R,projected,preview,Walbert Ureña,R,0.54,52% hard · 15% break,0.03435437586006127,0.029208570846459003,0.03465461138258075,2,0.4020192,thin,Short season sample; Weather not posted; Projected order,,0.6937585683062949,0.7449060626420491,0.84,0.7212500000000002,1,1,84,84 air · 61° dew · RHB,1,71,.318,,,,2.1,82.6,25,0.056,35.4
215,670764,Taylor Walls,TB,NYM,True,9,SS,S,official,preview,Robert Stock,R,0.87,78% hard · 12% break,0.03272728704317871,0.02945995682497482,0.032999529276293016,2,0.6580480000000001,fair,Starter sample thin,70.6% ideal AA,0.5828619526814584,0.9258311022000508,1.02,0.7,1,0.8240000000000001,102,102 air · 72°F · roof closed · switch,2,390,.290,0,37,10,2,85.5,22,0.067,40.2
216,802415,Chandler Simpson,TB,NYM,True,5,LF,L,official,preview,Robert Stock,R,0.87,78% hard · 12% break,0.02995989833832946,0.026446844731032093,0.030187722993208155,2,0.6580480000000001,fair,Starter sample thin,,0.5167512424999974,0.9258311022000508,1.02,0.7,1,0.78,102,102 air · 72°F · roof closed · LHB,0,518,.363,0,41,10,0,83.8,13.1,0.037,29.4
